TAG,DESCRICAO,Min,Max,UNIDADE,LL,L,H,HH
I722DTY3390,GRAU DE SUPERAQUECIMENTO SH1A,0,100,°C,,,30,
I722FY3001,VAZÃO ÁGUA SAÍDA ECONOMIZADOR LADO ESQUERDO,0,700,t/h,,,,
I722FY3005,VAZÃO ÁGUA SAÍDA ECONOMIZADOR LADO DIREITO,0,700,t/h,,,,
I722FY3007,VAZÃO ÁGUA RECIRCULAÇÃO CALDEIRA,0,600,t/h,,,,
I722LY3001,NIVEL VASO SEPARADOR,0,10000,mm,2000,4000,,
I722PT3013,PRESSÃO VASO SEPARADOR,0,250,bar,,,,
I722TE1615,TEMP ENROLAMENTO MOTOR BOMBA 1 RECUPERAÇÃO  DRENOS CALDEIRA,0,150,°C,,,110,
I722TE1621,TEMP MANCAL LNA MOTOR BOMBA 1 RECUPERAÇÃO DRENOS  CALDEIRA,0,150,°C,,,80,90
I722TE1623,TEMP MANCAL LA MOTOR BOMBA 1 RECUPERAÇÃO DRENOS CALDEIRA,0,150,°C,,,80,90
I722TE1635,TEMP ENROLAMENTO MOTOR BOMBA 2 RECUPERAÇÃO DRENOS CALDEIRA,0,150,°C,,,110,
I722TE1641,TEMP MANCAL LNA MOTOR BOMBA 2 RECUPERAÇÃO DRENOS CALDEIRA,0,150,°C,,,80,90
I722TE1643,TEMP MANCAL LA MOTOR BOMBA 2 RECUPERAÇÃO DRENOS CALDEIRA,0,150,°C,,,80,90
I722TE3005,TEMP METAL PAREDE FRONTAL  ENTRADA COLETOR EQUALIZAÇÃO EVAPORADOR,50,400,°C,,,,
I722TE3040,TEMP METAL PAREDE TRASEIRA ENTRADA COLETOR EQUALIZAÇÃO EVAPORADOR,50,400,°C,,,,
I722TE3075,TEMP METAL PAREDE ESQ ENTRADA COLETOR EQUALIZAÇÃO EVAPORADOR,50,400,°C,,,,
I722TE3089,TEMP METAL PAREDE DIREITO ENTRADA COLETOR EQUALIZAÇÃO EVAPORADOR,50,400,°C,,,,
I722TE3103,TEMP METAL PAREDE FRONTAL SAIDA COLETOR EQUALIZAÇÃO EVAPORADOR,50,400,°C,,,,
I722TE3108,TEMP METAL PAREDE TRASEIRA SAÍDA COLETOR EQUALIZAÇÃO EVAPORADOR,50,400,°C,,,,
I722TE3113,TEMP METAL PAREDE ESQUERDO SAÍDA COLETOR EQUALIZAÇÕ EVAPORADOR,50,400,°C,,,,
I722TE3115,TEMP METAL PAREDE DIREITO SAÍDA COLETOR EQUALIZAÇÃO EVAPORADOR,50,400,°C,,,,
I722TE3117,TEMP METAL SAÍDA PAREDE ESPIRAL FRONTAL EVAPORADOR,50,600,°C,,,,
I722TE3151,TEMP METAL SAÍDA PAREDE ESPIRAL TRASEIRA EVAPORADOR,50,600,°C,,,,
I722TE3185,TEMP METAL SAÍDA PAREDE ESPIRAL ESQUERDO EVAPORADOR,50,600,°C,,,,
I722TE3199,TEMP METAL SAÍDA PAREDE ESPIRAL DIREITO EVAPORADOR,50,600,°C,,,,
I722TE3218,TEMP METAL PAREDE TRASEIRA ESQUERDO TETO EVAPORADOR,50,600,°C,,,,
I722TE3252,TEMP METAL EVAPORADOR TETO LADO ESQUERDO,50,600,°C,,,,
I722TE3293,TEMP METAL EVAPORADOR TETO LADO DIREITO,50,600,°C,,,,
I722TE3392,TEMP METAL PAREDE COLETOR ENTRADA SH1B,50,600,°C,,,,
I722TE3399,TEMP METAL PAREDE LATERAL COLETOR ENTRADA SH1C,50,600,°C,,,,
I722TE3401,TEMP METAL PAREDE LATERAL ESQUERDO COLETOR SAÍDA SH1B,50,600,°C,,,,
I722TE3402,TEMP METAL PAREDE CENTRAL COLETOR SAÍDA SH1B,50,600,°C,,,,
I722TE3403,TEMP METAL PAREDE LATERAL DIREITO COLETOR SAÍDA SH1B,50,600,°C,,,,
I722TE3404,TEMP METAL PAREDE LATERAL ESQUERDO COLETOR SAÍDA SH1C,50,600,°C,,,,
I722TE3405,TEMP METAL PAREDE LATERAL DIREITO COLETOR SAÍDA SH1C,50,600,°C,,,,
I722TE3406,TEMP METAL PAREDE FRONTAL SH1E,50,600,°C,,,,
I722TE3407,TEMP METAL PAREDE FRONTAL SH1E,50,600,°C,,,,
I722TE3408,TEMP METAL PAREDE FRONTAL SH1E,50,600,°C,,,,
I722TE3446,TEMP METAL SH3 LADO ESQUERDO,50,600,°C,,,570,
I722TE3447,TEMP METAL SH3 LADO DIREITO,50,600,°C,,,570,
I722TE3463,TEMP METAL TUBULAÇÃO ESQUERDO SAÍDA SH3,50,600,°C,,,570,
I722TE3475,TEMP METAL TUBULAÇÃO CENTRAL SAÍDA SH3,50,600,°C,,,570,
I722TE3487,TEMP METAL TUBULAÇÃO DIREITO SAÍDA SH3,50,600,°C,,,570,
I722TE3513,TEMP METAL PAREDE INTERNA COLETOR SAIDA SH3 LADO DIREITO,50,600,°C,,,570,
I722TE3514,TEMP METAL PAREDE EXTERNA COLETOR SAIDA SH3 LADO DIREITO,50,600,°C,,,570,
I722TE3560,TEMP METAL RH2 LADO ESQUERDO,50,600,°C,,,570,
I722TE3576,TEMP METAL RH2 LADO DIREITO,50,600,°C,,,570,
I722TE3592,TEMP METAL TUBULAÇÃO ESQUERDO  SAÍDA RH2,50,600,°C,,,570,
I722TE3595,TEMP METAL TUBULAÇÃO CENTRAL SAÍDA RH2,50,600,°C,,,570,
I722TE3598,TEMP METAL TUBULAÇÃO DIREITO SAÍDA RH2,50,600,°C,,,570,
I722TE3601,TEMP METAL PAREDE INTERNA COLETOR SAIDA RH2 LADO ESQUERDO,50,600,°C,,,570,
I722TE3602,TEMP METAL PAREDE EXTERNA COLETOR SAIDA RH2 LADO ESQUERDO,50,600,°C,,,570,
I722TE3701,TEMP METAL PAREDE FRONTAL EVAPORADOR,50,600,°C,,,,
I722TE3711,TEMP METAL PAREDE LATERAL ESQUERDO EVAPORADOR,50,600,°C,,,,
I722TE3715,TEMP METAL PAREDE LATERAL DIREITO EVAPORADOR,50,600,°C,,,,
I722TE3721,TEMP METAL PAREDE FRONTAL SH1A,50,600,°C,,,,
I722TE3731,TEMP METAL PAREDE  LATERAL ESQUERDO SH1A,50,600,°C,,,,
I722TE3735,TEMP METAL PAREDE  LATERAL DIREITO SH1A,50,600,°C,,,,
I722TT3002,TEMP ÁGUA SAÍDA ECONOMIZADOR LADO ESQUERDO,50,400,°C,,,,
I722TT3004,TEMP ÁGUA SAÍDA ECONOMIZADOR LADO DIREITO,50,400,°C,,,,
I722TT3338,TEMP VAPOR SAÍDA EVAPORADOR LADO ESQUERDO,50,600,°C,,,395,430
I722TT3341,TEMP VAPOR APÓS ATEMP EMERG LADO ESQUERDO,50,600,°C,,,,
I722TT3345,TEMP VAPOR SAÍDA EVAPORADOR LADO DIREITO,50,600,°C,,,395,430
I722TT3347,TEMP VAPOR SAÍDA EVAPORADOR LADO DIREITO,50,600,°C,,,395,430
I722TT3350,TEMP VAPOR APÓS ATEMP EMERGENCIA LADO DIREITO,50,600,°C,,,,
I722TT3361,TEMP METAL PAREDE INTERNA VASO SEPARADOR,50,600,°C,,,,
I722TT3362,TEMP METAL PAREDE EXTERNA VASO SEPARADOR,50,600,°C,,,,
I722TT3382,TEMP VAPOR SAÍDA SEPARADOR LADO ESQUERDO,50,600,°C,,,,
I722TT3390,TEMPERATURA VAPOR SAÍDA SH1A LD CALDEIRA,50,600,°C,,,,
I722TT3391,TEMPERATURA VAPOR SAÍDA SH1A LE CALDEIRA,50,600,°C,,,,
I722TT3409,TEMP VAPOR SAÍDA SH1F LADO ESQUERDO,50,600,°C,,,,
I722TT3410,TEMP VAPOR SH SAÍDA BIFLUXO LADO ESQUERDO,50,600,°C,,,,
I722TT3411,TEMP VAPOR SAÍDA SH1F LADO DIREITO,50,600,°C,,,,
I722TT3412,TEMP VAPOR SH SAÍDA BIFLUXO LADO DIREITO,50,600,°C,,,,
I722TT3414,TEMP VAPOR APÓS ATEMPERAÇÃO SH2 LADO DIREITO,50,600,°C,,,,
I722TT3417,TEMP VAPOR APÓS  ATEMPERAÇÃO SH2 LADO ESQUERDO,50,600,°C,,,,
I722TT3420,TEMP VAPOR SAÍDA SH2 LADO ESQUERDO,50,600,°C,,,500,
I722TT3423,TEMP VAPOR SAÍDA SH2 LADO DIREITO,50,600,°C,,,500,
I722TT3426,TEMP VAPOR APÓS  ATEMPERAÇÃO SH3 LADO ESQUERDO,50,600,°C,,,,
I722TT3429,TEMP VAPOR APÓS  ATEMPERAÇÃO SH3 LADO DIREITO,50,600,°C,,,,
I722TT3533,TEMP VAPOR ENTRADA RH1 LADO ESQUERDO,50,600,°C,,,450,
I722TT3536,TEMP VAPOR ENTRADA RH1 LADO DIREITO,50,600,°C,,,450,
I722TT3539,TEMP VAPOR SAÍDA RH1 LADO ESQUERDO,50,600,°C,,,510,
I722TT3546,TEMP VAPOR SAÍDA RH1 LADO DIREITO,50,600,°C,,,510,
I722TT3555,TEMP VAPOR APÓS  ATEMPERAÇÃO RH2 LADO ESQUERDO,50,600,°C,,,,
I722TT3558,TEMP VAPOR APÓS  ATEMPERAÇÃO RH2 LADO DIREITO,50,600,°C,,,,
I723AT1001,TEOR PARTICULADO SAÍDA PRECIPITADOR ELETROSTÁTICO 1,0,500,mg/m3,,,200,500
I723AT1002,TEOR PARTICULADO SAÍDA PRECIPITADOR ELETROSTÁTICO 2,0,500,mg/m3,,,200,500
I723AT3203,TEOR 02 GASES SAÍDA CALDEIRA LADO ESQUERDO,0,10,%,,"2,5",,
I723AT3205,TEOR C02 GASES SAÍDA CALDEIRA LADO ESQUERDO,0,20,%,,,16,
I723AT3207,TEOR CO GASES SAÍDA CALDEIRA LADO ESQUERDO,0,500,ppm,,,100,
I723AT3213,TEOR 02 GASES SAÍDA CALDEIRA LADO ESQUERDO,0,10,%,,"2,5",,
I723AT3215,TEOR C02 GASES SAÍDA CALDEIRA LADO ESQUERDO,0,20,%,,,16,
I723AT3217,TEOR CO GASES SAÍDA CALDEIRA LADO ESQUERDO,0,500,ppm,,,100,
I723AY3203,TEOR 02 GASES SAÍDA CALDEIRA - MENOR VALOR PARA CONTROLE,0,10,%,,,,
I723ET1005,CORRENTE MOTOR VENT. FORÇADO 1,0,500,A,,,255,
I723ET1012,CORRENTE MOTOR VENT. FORÇADO 2,0,500,A,,,255,
I723ET1101,CORRENTE MOTOR VENT. INDUZIDO 1,0,500,A,,,290,
I723ET1102,CORRENTE MOTOR VENT. INDUZIDO 2,0,500,A,,,290,
I723FT3111,VAZÃO AR SECUNDÁRIO - FILA 1 - LADO ESQUERDO,0,170,10³Nm3/h,,,,
I723FT3112,VAZÃO AR SECUNDÁRIO - FILA 1 - LADO DIREITO,0,170,10³Nm3/h,,,,
I723FT3121,VAZÃO AR SECUNDÁRIO - FILA 2 - LADO ESQUERDO,0,170,10³Nm3/h,,,,
I723FT3122,VAZÃO AR SECUNDÁRIO - FILA 2 - LADO DIREITO,0,170,10³Nm3/h,,,,
I723FT3131,VAZÃO AR SECUNDÁRIO - FILA 3 - LADO ESQUERDO,0,170,10³Nm3/h,,,,
I723FT3132,VAZÃO AR SECUNDÁRIO - FILA 3 - LADO DIREITO,0,170,10³Nm3/h,,,,
I723FT3141,VAZÃO AR SECUNDÁRIO - FILA 4 - LADO ESQUERDO,0,170,10³Nm3/h,,,,
I723FT3142,VAZÃO AR SECUNDÁRIO - FILA 4 - LADO DIREITO,0,170,10³Nm3/h,,,,
I723PT3103,PRESSÃO AR SECUNDÁRIO ENTRADA QUEIMADORES,0,600,mmH2O,,,,
I723PT3214,PRESSÃO FORNALHA LADO ESQUERDO,-300,300,mmH2O,-250,-50,50,250
I723PT3217,PRESSÃO FORNALHA LADO DIREITO,-300,300,mmH2O,-250,-50,50,250
I723PT3222,PRESSÃO GASES COMBUSTÃO APÓS SH3,-150,150,mmH2O,,,,
I723PT3224,PRESSÃO GASES COMBUSTÃO APÓS RH2,-150,150,mmH2O,,,,
I723PT3226,PRESSÃO GASES COMBUSTÃO APÓS SH2,-150,150,mmH2O,,,,
I723PT3228,PRESSÃO GASES COMBUSTÃO APÓS RH1,-150,150,mmH2O,,,,
I723PT3229,PRESSÃO GASES COMB SAÍDA CALDEIRA LE,-150,150,mmH2O,,,,
I723PT3230,PRESSÃO GASES COMB SAÍDA CALDEIRA LD,-150,150,mmH2O,,,,
I723ST2401,ROTAÇÃO AQUECEDOR REGENARATIVO 1,0,3,rpm,"1,3","1,35",,
I723ST2402,ROTAÇÃO AQUECEDOR REGENARATIVO 2,0,3,rpm,"1,3","1,35",,
I723TE1009,TEMP MANCAL LA MOTOR FORÇADO 1,0,150,°C,,,80,90
I723TE1011,TEMP MANCAL LNA MOTOR FORÇADO 1,0,150,°C,,,80,90
I723TE1013,TEMP ENROL MOTOR VENTILADOR FORÇADO 1,0,200,°C,,,110,
I723TE1029,TEMP MANCAL LA MOTOR FORÇADO 1,0,150,°C,,,80,90
I723TE1031,TEMP MANCAL LNA MOTOR FORÇADO 1,0,150,°C,,,80,90
I723TE1033,TEMP ENROL MOTOR VENTILADOR FORÇADO 1,0,150,°C,,,110,
I723TE1505,TEMP MANCAL LNA MOTOR INDUZIDO 1,0,150,°C,,,80,90
I723TE1507,TEMP MANCAL LA MOTOR INDUZIDO 1,0,150,°C,,,80,90
I723TE1512,TEMP ENROLAMENTO MOTOR VENTILADOR INDUZIDO 1,0,200,°C,,,110,
I723TE1525,TEMP MANCAL LA MOTOR INDUZIDO 2,0,150,°C,,,80,90
I723TE1527,TEMP MANCAL LNA MOTOR INDUZIDO 2,0,150,°C,,,80,90
I723TE1532,TEMP ENROLAMENTO MOTOR VENTILADOR INDUZIDO 2,0,200,°C,,,110,
I723TE2005,TEMP MANCAL LNA VENTILADOR FORÇADO 1,0,150,°C,,,80,90
I723TE2007,TEMP MANCAL LA VENTILADOR FORÇADO 1,0,150,°C,,,80,90
I723TE2025,TEMP MANCAL LNA VENTILADOR FORÇADO 2,0,150,°C,,,80,90
I723TE2027,TEMP MANCAL LA VENTILADOR FORÇADO 2,0,150,°C,,,80,90
I723TE2401,TEMP MANCAL INFERIOR AQUECEDOR AR 1,0,150,°C,,,80,90
I723TE2404,TEMP MANCAL SUPERIOR AQUECEDOR AR 1,0,150,°C,,,80,90
I723TE2431,TEMP MANCAL INFERIOR AQUECEDOR AR 2,0,150,°C,,,80,90
I723TE2434,TEMP MANCAL SUPERIOR AQUECEDOR AR 2,0,150,°C,,,80,90
I723TE3501,TEMP MANCAL LA VENTILADOR INDUZIDO 1,0,150,°C,,,80,90
I723TE3503,TEMP MANCAL LNA VENTILADOR INDUZIDO 1,0,150,°C,,,80,90
I723TE3521,TEMP MANCAL LNA VENTILADOR INDUZIDO 2,0,150,°C,,,80,90
I723TE3523,TEMP MANCAL LA VENTILADOR INDUZIDO 2,0,150,°C,,,80,90
I723TI3301,MÉDIA TEMPERATURA AQUECEDOR REGENERATIVO 1,50,150,°C,,85,,
I723TI3302,MÉDIA TEMPERATURA AQUECEDOR REGENERATIVO 2,50,150,°C,,85,,
I723TT3041,TEMP AR ENTRADA AQUECEDOR REGENERATIVO  1,0,200,°C,,,,
I723TT3047,TEMP AR SAÍDA AQUECEDOR REGENERATIVO 1 LE,50,500,°C,,,,
I723TT3052,TEMP AR SAÍDA AQUECEDOR REGENERATIVO 1 LD,50,500,°C,,,,
I723TT3057,TEMP AR ENTRADA AQUECEDOR REGENERATIVO 2,0,200,°C,,,,
I723TT3062,TEMP AR SAÍDA AQUECEDOR REGENERATIVO 2 LE,50,500,°C,,,,
I723TT3067,TEMP AR SAÍDA AQUECEDOR REGENERATIVO 2 LD,50,500,°C,,,,
I723TT3201,TEMPERATURA FORNALHA LE,0,1538,°C,,,1350,
I723TT3202,TEMPERATURA FORNALHA LD,50,600,°C,,,550,
I723TT3242,TEMP GASES COMBUSTÃO ENTRADA AQUECEDOR REGENERATIVO 1,50,600,°C,,,,
I723TT3250,TEMP GASES COMBUSTÃO SAÍDA AQUECEDOR REGENERATIVO 1,50,300,°C,,,,
I723TT3257,TEMP GASES COMBUSTÃO ENTRADA AQUECEDOR  REGENERATIVO 2,50,600,°C,,,,
I723TT3261,TEMP GASES COMBUSTÃO SAÍDA AQUECEDOR REGENERATIVO  2,50,300,°C,,,,
I723TT3268,TEMPERATURA GASES ENTRADA PRECIPITADOR ELETROSTÁTICO 1 LE,50,300,°C,,,220,
I723TT3271,TEMPERATURA GASES ENTRADA PRECIPITADOR ELETROSTÁTICO 1 LD,50,300,°C,,,220,
I723TT3294,TEMPERATURA GASES ENTRADA PRECIPITADOR ELETROSTÁTICO 2 LE,50,300,°C,,,220,
I723TT3297,TEMPERATURA GASES ENTRADA PRECIPITADOR ELETROSTÁTICO 2 LD,50,300,°C,,,220,
I724ET1002,CORRENTE MOTOR VENT. AR PRIMÁRIO 1,0,250,A,,,155,
I724ET1006,CORRENTE MOTOR VENT. AR PRIMÁRIO 1,0,250,A,,,155,
I724ET1111,CORRENTE MOTOR MOINHO CARVÃO 1,0,150,A,,,85,
I724ET1112,CORRENTE MOTOR MOINHO CARVÃO 2,0,150,A,,,85,
I724ET1113,CORRENTE MOTOR MOINHO CARVÃO 3,0,150,A,,,85,
I724ET1114,CORRENTE MOTOR MOINHO CARVÃO 4,0,150,A,,,85,
I724FY3010,VAZÃO AR PRIMÁRIO ENTRADA MOINHO 1,0,120,10³Nm3/h,,,,
I724FY3020,VAZÃO AR PRIMÁRIO ENTRADA MOINHO 2,0,120,10³Nm3/h,,,,
I724FY3030,VAZÃO AR PRIMÁRIO ENTRADA MOINHO 3,0,120,10³Nm3/h,,,,
I724FY3040,VAZÃO AR PRIMÁRIO ENTRADA MOINHO 4,0,120,10³Nm3/h,,,,
I724PT3060,PRESSÃO AR PRIMÁRIO SAÍDA AQUECEDORES,0,2000,mmca,,,,
I724ST3101,VELOCIDADE ALIMENTADOR CARVÃO 1,0,100,%,,,85,
I724ST3201,VELOCIDADE ALIMENTADOR CARVÃO 2,0,100,%,,,85,
I724ST3301,VELOCIDADE ALIMENTADOR CARVÃO 3,0,100,%,,,85,
I724ST3401,VELOCIDADE ALIMENTADOR CARVÃO 4,0,100,%,,,85,
I724TE1002,TEMP MANCAL LA VENTILADOR AR PRIMÁRIO 1,0,150,°C,,,80,90
I724TE1004,TEMP MANCAL INT VENTILADOR AR PRIMÁRIO 1,0,150,°C,,,80,90
I724TE1006,TEMP MANCAL LA MOTOR AR PRIMÁRIO 1,0,150,°C,,,80,90
I724TE1008,TEMP MANCAL LNA MOTOR AR PRIMÁRIO 1,0,150,°C,,,80,90
I724TE1012,TEMP ENROLAMENTO MOTOR AR PRIMÁRIO 1,0,200,°C,,,110,
I724TE1032,TEMP MANCAL LA VENTILADOR AR PRIMÁRIO 2,0,150,°C,,,80,90
I724TE1034,TEMP MANCAL INT VENTILADOR AR PRIMÁRIO 2,0,150,°C,,,80,90
I724TE1036,TEMP MANCAL LA MOTOR AR PRIMÁRIO 2,0,150,°C,,,80,90
I724TE1038,TEMP MANCAL LNA MOTOR AR PRIMÁRIO 2,0,150,°C,,,80,90
I724TE1042,TEMP ENROLAMENTO MOTOR AR PRIMÁRIO 2,0,200,°C,,,110,
I724TE1123,TEMP ENROLAMENTO MOTOR MOINHO 1,0,200,°C,,,110,
I724TE1126,TEMP MANCAL LNA MOTOR MOINHO 1,0,150,°C,,,80,90
I724TE1128,TEMP MANCAL LA MOTOR MOINHO 1,0,150,°C,,,80,90
I724TE1223,TEMP ENROLAMENTO MOTOR MOINHO 2,0,200,°C,,,110,
I724TE1226,TEMP MANCAL LNA MOTOR MOINHO 2,0,150,°C,,,80,90
I724TE1228,TEMP MANCAL LA MOTOR MOINHO 2,0,150,°C,,,80,90
I724TE1323,TEMP ENROLAMENTO MOTOR MOINHO 3,0,200,°C,,,110,
I724TE1326,TEMP MANCAL LNA MOTOR MOINHO 3,0,150,°C,,,80,90
I724TE1328,TEMP MANCAL LA MOTOR MOINHO 3,0,150,°C,,,80,90
I724TE1423,TEMP ENROLAMENTO MOTOR MOINHO 4,0,200,°C,,,110,
I724TE1426,TEMP MANCAL LNA MOTOR MOINHO 4,0,150,°C,,,80,90
I724TE1428,TEMP MANCAL LA MOTOR MOINHO 4,0,150,°C,,,80,90
I724TE3101,TEMP MANCAL ROLO 1 MOINHO 1,0,150,°C,,,110,
I724TE3102,TEMP MANCAL ROLO 2 MOINHO 1,0,150,°C,,,110,
I724TE3103,TEMP MANCAL ROLO 3 MOINHO 1,0,150,°C,,,100,
I724TE3114,TEMP ÓLEO MANCAL MICHEL MOINHO 1,0,150,°C,,,60,70
I724TE3201,TEMP MANCAL ROLO 1 MOINHO 2,0,150,°C,,,110,
I724TE3202,TEMP MANCAL ROLO 2 MOINHO 2,0,150,°C,,,110,
I724TE3203,TEMP MANCAL ROLO 3 MOINHO 2,0,150,°C,,,100,
I724TE3214,TEMP ÓLEO MANCAL MICHEL MOINHO 2,0,150,°C,,,60,70
I724TE3301,TEMP MANCAL ROLO 1 MOINHO 3,0,150,°C,,,110,
I724TE3302,TEMP MANCAL ROLO 2 MOINHO 3,0,150,°C,,,110,
I724TE3303,TEMP MANCAL ROLO 3 MOINHO 3,0,150,°C,,,100,
I724TE3314,TEMP ÓLEO MANCAL MICHEL MOINHO 3,0,150,°C,,,60,70
I724TE3401,TEMP MANCAL ROLO 1 MOINHO 4,0,150,°C,,,110,
I724TE3402,TEMP MANCAL ROLO 2 MOINHO 4,0,150,°C,,,110,
I724TE3403,TEMP MANCAL ROLO 3 MOINHO 4,0,150,°C,,,100,
I724TE3414,TEMP ÓLEO MANCAL MICHEL MOINHO 4,0,150,°C,,,60,70
I724TT3062,TEMPERATURA AR PRIMÁRIO ENTRADA MOINHO 1,50,500,°C,,,,
I724TT3072,TEMPERATURA AR PRIMÁRIO ENTRADA MOINHO 2,50,500,°C,,,,
I724TT3082,TEMPERATURA AR PRIMÁRIO ENTRADA MOINHO 3,50,500,°C,,,,
I724TT3092,TEMPERATURA AR PRIMÁRIO ENTRADA MOINHO 4,50,500,°C,,,,
I724TY3020,TEMP AR PRIMÁRIO SAÍDA AQUECEDOR REGENERATIVO 1,50,500,°C,,,,
I724TY3050,TEMP AR PRIMÁRIO SAÍDA AQUECEDOR REGENERATIVO 2,50,500,°C,,,,
I724TY3106,TEMP CLASSIFICADOR MOINHO 1,50,150,°C,,70,105,120
I724TY3206,TEMP CLASSIFICADOR MOINHO 2,50,150,°C,,70,105,120
I724TY3306,TEMP CLASSIFICADOR MOINHO 3,50,150,°C,,70,105,120
I724TY3406,TEMP CLASSIFICADOR MOINHO 4,50,150,°C,,70,105,120
I726LT1001,NIVEL TANQUE RECIRCULAÇÃO SISTEMA CINZA UMIDA,"0,15","5,5",m,,4,"5,45",
I726LT1002,NIVEL BACIA CINZA A,"2,8","8,2",m,,,,
I726LT1003,NIVEL BACIA CINZA B,"2,8","8,2",m,,,,
I727FY3051,VAZÃO SUPRIMENTO ÓLEO DIESEL QUEIMADORES,0,900,l/min,,,,
I727LT1001,NÍVEL TANQUE 1 ÓLEO DIESEL,0,9,m,,,,
I727LT1002,NÍVEL TANQUE 2 ÓLEO DIESEL,0,9,m,,,,
I727PT3137,PRESSÃO DESCARGA BOMBAS INJEÇÃO ÓLEO DIESEL,0,40,bar,,,,
I727PT3148,PRESSÃO DESCARGA BOMBAS ÓLEO DIESEL IGNIÇÃO,0,16,bar,,,,
I727PT3165,PRESSÃO ÓLEO DIESEL ANTES QUEIMADORES,0,30,bar,,8,14,
I727PT3197,PRESSÃO ÓLEO DIESEL ANTES IGNITORES,0,16,bar,,5,,
I728LT3202,NÍVEL TANQUE DRENOS AQUECEDOR  AR A VAPOR,430,930,mm,,,,
I728PT3005,PRESSÃO COLETOR SOPRADORES CALDEIRA,0,40,bar,,,,
I730ST4002,VIBRAÇÃO MANCAL 1 TURBINA,0,300,µm,,,150,
I730ST4003,VIBRAÇÃO MANCAL 2 TURBINA,0,300,µm,,,150,
I730ST4004,VIBRAÇÃO MANCAL 3 TURBINA,0,300,µm,,,150,
I730ST4005,VIBRAÇÃO MANCAL 4 TURBINA,0,300,µm,,,150,
I730ST4006,VIBRAÇÃO MANCAL 5 GERADOR,0,300,µm,,,150,
I730ST4007,VIBRAÇÃO MANCAL 6 GERADOR,0,300,µm,,,150,
I730ST4012,VELOCIDADE TURBINA,0,4000,rpm,,,,
I730ST4020,VIBRAÇÃO MANCAL 7 GERADOR,0,300,µm,,,150,
I730TE4002,TEMP INTERNA METAL VV BLOQUEIO 2 TURBINA AP,0,600,°C,,,,
I730TE4004,TEMP EXTERNA METAL VV BLOQUEIO 2 TURBINA AP,0,600,°C,,,,
I730TE4026,TEMP METAL ENTRADA VV COMBINADA 1 TURBINA MP,0,600,°C,,,,
I730TE4028,TEMP METAL ENTRADA VV COMBINADA 2 TURBINA MP,0,600,°C,,,,
I730TT3006,TEMP INTERNA METAL VVS CONTROLE AP,50,600,°C,,,,
I730TT3008,TEMP EXTERNA METAL VVS CONTROLE AP,50,600,°C,,,,
I730TT3012,TEMP METAL 1º ESTÁGIO TURBINA AP,50,600,°C,,,,
I730TT3014,TEMP METAL EXAUSTÃO TURBINA AP -INFERIOR,50,600,°C,,,350,480
I730TT3016,TEMP METAL EXAUSTÃO TURBINA AP -INFERIOR,50,600,°C,,,350,480
I730TT3018,TEMP METAL EXAUSTÃO TURBINA AP -INFERIOR,50,600,°C,,,350,480
I730TT3020,TEMP METAL EXAUSTÃO TURBINA AP -INFERIOR,50,600,°C,,,350,480
I730TT3022,TEMP METAL EXAUSTÃO TURBINA AP -SUPERIOR,50,600,°C,,,350,480
I730TT3034,TEMP METAL 1º ESTÁGIO TURBINA MP,50,600,°C,,,,
I730TT3036,TEMP METAL CARCAÇA SUPERIOR  TURBINA  MP -ENTRADA,50,600,°C,,,,
I730TT3038,TEMP METAL CARCAÇA INFERIOR TURBINA MP -EXTRAÇÃO AP1,50,600,°C,,,,
I730TT3040,TEMP METAL CARCAÇA SUPERIOR TURBINA  MP -EXTRAÇÃO AP1,50,600,°C,,,,
I730TT3042,TEMP METAL CARCAÇA INFERIOR TURBINA  MP -EXTRAÇÃO  DESGASEIFICADOR,50,600,°C,,,,
I730TT3044,TEMP METAL CROSSOVER -EXTRAÇÃO  DESGASEIFICADOR,50,600,°C,,,,
I730TT3050,TEMP METAL CARCAÇA INFERIOR TURBINA BP -EXTRAÇÃO  BP4 LT,50,300,°C,,,,
I730TT3052,TEMP METAL CARCAÇA SUPERIOR TURBINA BP -EXTRAÇÃO BP4 LT,50,300,°C,,,,
I730TT3054,TEMP METAL CARCAÇA INFERIOR TURBINA  BP -EXTRAÇÃO BP4 LG,50,300,°C,,,,
I730TT3056,TEMP METAL CARCAÇA SUPERIOR TURBINA BP -EXTRAÇÃO BP4 LG,50,300,°C,,,,
I730TT3058,TEMP METAL CARCAÇA INFERIOR TURBINA BP -EXTRAÇÃO BP3 LT,50,300,°C,,,,
I730TT3060,TEMP METAL CARCAÇA SUPERIOR TURBINA BP -EXTRAÇÃO BP3 LT,50,300,°C,,,,
I730TT3062,TEMP METAL CARCAÇA INFERIOR TURBINA BP -EXTRAÇÃO BP3 LG,50,300,°C,,,,
I730TT3064,TEMP METAL CARCAÇA SUPERIOR TURBINA BP -EXTRAÇÃO BP3 LG,50,300,°C,,,,
I730TT3066,TEMP METAL CARCAÇA INFERIOR EXAUSTÃO TURBINA BP - LT,0,150,°C,,,80,110
I730TT3068,TEMP METAL CARCAÇA INFERIOR EXAUSTÃO TURBINA BP - LG,0,150,°C,,,80,110
I730TT3070,TEMP METAL CARCAÇA SUPERIOR TURBINA BP - EXTRAÇÃO BP1 LG,0,300,°C,,,230,
I730TT3072,TEMP METAL CARCAÇA SUPERIOR TURBINA BP - EXTRAÇÃO BP1 LG,0,300,°C,,,230,
I730TT3074,TEMP METAL CARCAÇA SUPERIOR TURBINA BP - EXTRAÇÃO BP1 LT,0,300,°C,,,230,
I730TT3076,TEMP METAL CARCAÇA SUPERIOR TURBINA BP -EXTRAÇÃO BP1 LT,0,300,°C,,,230,
I730ZDT4001,EXPANSÃO DIFERENCIAL TURBINA AP/MP,-8,12,mm,,"-4,6","9,7",
I730ZDT4002,EXPANSÃO DIFERENCIAL TURBINA BP,-8,17,mm,,"-6,3","12,5",
I730ZT4001,EXPANSÃO ABSOLUTA TURBINA,0,40,mm,,,,
I730ZT4002,EXCENTRICIDADE TURBINA,0,300,µm,,,,
I730ZT4003,DESGASTE MANCAL ESCORA TURBINA,-2,2,mm,"-0,9","-0,5","0,5","0,9"
I730ZT4004,DESGASTE MANCAL ESCORA TURBINA,-2,2,mm,,,,
I730ZT4005,DESGASTE MANCAL ESCORA TURBINA,-2,2,mm,,,,
I731DTT3015,TEMP DIFERENCIAL METAL TUBULÃO VAPOR SH LADO ESQUERDO,-100,100,°C,,,,
I731FY3002,VAZÃO VAPOR SH SAÍDA CALDEIRA LADO ESQUERDO,0,600,t/h,,,,
I731FY3004,VAZÃO VAPOR SH SAÍDA CALDEIRA LADO DIREITO,0,600,t/h,,,,
I731FY3005,VAZÃO TOTAL VAPOR SH SAÍDA CALDEIRA,0,1200,t/h,,,,
I731PT3007,PRESSÃO VAPOR SH SAÍDA CALDEIRA LADO DIREITO,0,250,bar,,,190,198
I731PT3008,PRESSÃO VAPOR SH SAÍDA CALDEIRA LADO DIREITO,0,250,bar,,,190,198
I731PT3009,PRESSÃO VAPOR SH SAÍDA CALDEIRA LADO DIREITO,0,250,bar,,,190,198
I731PT3012,PRESSÃO VAPOR SH TUBULÃO LADO ESQUERDO,0,250,bar,,,,
I731PT3013,PRESSÃO VAPOR SH TUBULÃO LADO DIREITO,0,250,bar,,,,
I731PT3015,PRESSÃO VAPOR SH ENTRADA TURBINA AP,0,250,bar,,,180,
I731PT3061,PRESSÃO VAPOR RH ENTRADA TURBINA MP,0,70,bar,,,45,
I731PT4810,PRESSÃO FLUIDO HIDRÁULICO CONTROLE TURBINA,0,140,bar,76,91,,
I731TT3004,TEMP VAPOR SH SAÍDA CALDEIRA LADO ESQUERDO,50,600,°C,,530,545,
I731TT3010,TEMP VAPOR SH SAÍDA CALDEIRA LADO DIREITO,50,600,°C,,530,545,
I731TT3019,TEMP VAPOR SH ENTRADA  TURBINA AP - LE CALDEIRA,50,600,°C,,450,,
I731TT3024,TEMP VAPOR SH ENTRADA TURBINA AP - LD CALDEIRA,50,600,°C,,450,,
I731TT3030,TEMP VAPOR APÓS BYPASS AP LADO ESQUERDO,50,600,°C,,,390,
I731TT3034,TEMP VAPOR APÓS BYPASS AP LADO DIREITO,50,600,°C,,,390,
I731TT3039,TEMP VAPOR RH FRIO SAÍDA TURBINA AP LADO ESQUERDO,50,400,°C,,,,
I731TT3040,TEMP VAPOR RH FRIO SAÍDA TURBINA AP LADO DIREITO,50,400,°C,,,,
I731TT3051,TEMP VAPOR RH QUENTE SAÍDA CALDEIRA LD,50,600,°C,,530,545,
I731TT3057,TEMP VAPOR RH QUENTE SAÍDA CALDEIRA LE,50,600,°C,,530,545,
I731TT3065,TEMP VAPOR RH ENTRADA TURBINA MP - LE CALDEIRA,50,600,°C,,,,
I731TT3069,TEMPERATURA VAPOR RH QUENTE ENTRADA TMP,50,600,°C,,,,
I731ZT4741,POSIÇÃO  MÉDIA VVS PARCIALIZADORAS,0,100,%,,,,
I732PT3001,PRESSÃO PRIMEIRO ESTÁGIO TURBINA ALTA PRESSÃO,0,250,bar,,,,
I734PT4009,PRESSÃO ÓLEO LUBRIFICAÇÃO TURBINA,0,7,bar,"1,9","2,1",,
I734TE4003,TEMP ÓLEO LUBRIFICAÇÃO TURBINA ENTRADA RESFRIADORES,0,150,°C,,,,
I734TE4007,TEMP ÓLEO LUBRIFICAÇÃO TURBINA SAÍDA RESFRIADORES,0,150,°C,32,42,"49,5",
I734TE4108,TEMP METAL SUPERIOR MANCAL ESCORA FACE ATIVA,0,150,°C,,,82,
I734TE4110,TEMP METAL SUPERIOR MANCAL ESCORA FACE ATIVA,0,150,°C,,,82,
I734TE4112,TEMP METAL INFERIOR MANCAL ESCORA FACE ATIVA,0,150,°C,,,82,
I734TE4114,TEMP METAL INFERIOR MANCAL ESCORA FACE ATIVA,0,150,°C,,,82,
I734TE4116,TEMP METAL SUPERIOR MANCAL ESCORA FACE INATIVA,0,150,°C,,,82,
I734TE4118,TEMP METAL SUPERIOR MANCAL ESCORA FACE INATIVA,0,150,°C,,,82,
I734TE4120,TEMP METAL MANCAL 1 TURBINA,0,150,°C,,,100,
I734TE4122,TEMP METAL MANCAL 1 TURBINA,0,150,°C,,,100,
I734TE4124,TEMP METAL MANCAL 2 TURBINA,0,150,°C,,,100,
I734TE4126,TEMP METAL MANCAL 2 TURBINA,0,150,°C,,,100,
I734TE4128,TEMP METAL MANCAL 3 TURBINA,0,150,°C,,,100,
I734TE4130,TEMP METAL MANCAL 4 TURBINA,0,150,°C,,,100,
I734TE4132,TEMP ÓLEO MANCAL ESCORA FACE ATIVA,0,150,°C,,,68,
I734TE4134,TEMP ÓLEO MANCAL ESCORA FACE INATIVA,0,150,°C,,,68,
I734TE4136,TEMP ÓLEO DESCARGA MANCAL 1 TURBINA,0,150,°C,,,71,
I734TE4138,TEMP ÓLEO DESCARGA MANCAL 2 TURBINA,0,150,°C,,,71,
I734TE4140,TEMP ÓLEO DESCARGA MANCAL 3 TURBINA,0,150,°C,,,71,
I734TE4142,TEMP ÓLEO DESCARGA MANCAL 4 TURBINA,0,150,°C,,,71,
I735LT3002,NÍVEL CONDENSADOR,100,1100,mm,300,400,900,1000
I735PT3003,PRESSÃO CONDENSADOR,0,"0,5",bara,,"0,04","0,16","0,254"
I737PT3005,PRESSÃO VAPOR SELAGEM TURBINA,1,3,bara,,"1,11",,
I737TT3001,TEMPERATURA VAPOR SELAGEM TURBINA,50,400,°C,,,380,
I742ET1001,CORRENTE MOTOR BBA CONDENSADO 1,0,200,A,,,120,
I742ET1002,CORRENTE MOTOR BBA CONDENSADO 2,0,200,A,,,120,
I742FY3002,FLUXO CONDENSADO DE BAIXA PRESSÃO,0,1000,m³/h,150,350,,
I742TE1037,TEMP MANCAL ESCORA BOMBA CONDENSADO 1,0,150,°C,,,80,90
I742TE1039,TEMP MANCAL ESCORA BOMBA CONDENSADO 2,0,150,°C,,,80,90
I742TE1041,TEMP MANCAL INFERIOR MOTOR BOMBA CONDENSADO 1,0,150,°C,,,80,90
I742TE1043,TEMP MANCAL INFERIOR MOTOR BOMBA CONDENSADO 2,0,150,°C,,,80,90
I742TE1047,TEMP MANCAL SUPERIOR MOTOR BOMBA CONDENSADO 1,0,150,°C,,,80,90
I742TE1049,TEMP MANCAL SUPERIOR MOTOR BOMBA CONDENSADO 2,0,150,°C,,,80,90
I742TE1050,TEMP ENROLAMENTO MOTOR BOMBA CONDENSADO 1,0,200,°C,,,110,
I742TE1055,TEMP ENROLAMENTO MOTOR BOMBA CONDENSADO 2,0,200,°C,,,110,
I742TE3020,TEMP CONDENSADO ENTRADA CVE/CVS,0,90,°C,,,,
I742TE3027,TEMP CONDENSADO SAÍDA CVE/CVS,0,90,°C,,,,
I742TT3001,TEMP CONDENSADO ENTRADA POLIDORA,0,100,°C,,,55,
I742TT3004,TEMPERATURA CONDENSADO SAÍDA RESFR. EMERGÊNCIA,0,100,°C,,,44,
I744CT5001,CONDUTIVIDADE SAÍDA POLIDOR 1,0,"0,6",µS/cm,,,"0,1",
I744CT5002,CONDUTIVIDADE SAÍDA POLIDOR 2,0,"0,6",µS/cm,,,"0,1",
I744DPT5004,PRESSÃO DIFERENCIAL POLIDOR 1,0,6,bar,,,,
I744DPT5005,PRESSÃO DIFERENCIAL POLIDOR 2,0,6,bar,,,,
I744FT5001,VAZÃO CONDENSADO SAÍDA POLIDORA,0,1000,m³/h,,,,
I745PT3002,PRESSÃO VAPOR EXTRAÇÃO TURBINA BP - AQUECEDOR BP4,0,10,bara,,,,
I745PT3006,PRESSÃO VAPOR EXTRAÇÃO TURBINA BP - AQUECEDOR BP3,0,"2,5",bara,,,,
I745TE3202,TEMP DRENOS AQUECEDOR BP4,0,150,°C,,,,
I745TE3204,TEMP DRENOS AQUECEDOR BP3,0,150,°C,,,,
I745TE3205,TEMP DRENOS AQUECEDOR BP2,0,100,°C,,,,
I745TE3207,TEMP DRENOS AQUECEDOR BP1,0,70,°C,,,,
I745TT3001,TEMP VAPOR EXTRAÇÃO TURBINA BP - AQUECEDOR BP4,50,350,°C,,,,
I745TT3002,TEMP VAPOR EXTRAÇÃO TURBINA BP - AQUECEDOR BP3,50,350,°C,,,,
I745TT3005,TEMP VAPOR EXTRAÇÃO TURBINA BP - AQUECEDOR BP1,0,100,°C,,,,
I745TT3006,TEMP VAPOR EXTRAÇÃO TURBINA BP - AQUECEDOR BP1,0,100,°C,,,,
I745TT3007,TEMP VAPOR EXTRAÇÃO TURBINA BP - AQUECEDOR BP2,50,150,°C,,,,
I745TT3008,TEMP VAPOR EXTRAÇÃO TURBINA BP - AQUECEDOR BP2,50,150,°C,,,,
I745TT3009,TEMP VAPOR EXTRAÇÃO TURBINA BP - AQUECEDOR BP1,0,100,°C,,,,
I745TT3010,TEMP VAPOR EXTRAÇÃO TURBINA BP - AQUECEDOR BP1,0,100,°C,,,,
I747FY3011,VAZÃO CONDENSADO ENTRADA DESAERADOR,0,1100,t/h,,,,
I747TE3001,TEMP CONDENSADO ENTRADA AQUECEDOR BP1,0,90,°C,,,,
I747TE3013,TEMP CONDENSADO SAÍDA AQUECEDOR BP1,0,150,°C,,,,
I747TE3016,TEMP CONDENSADO SAÍDA AQUECEDOR BP2,0,150,°C,,,,
I747TE3019,TEMP CONDENSADO SAÍDA AQUECEDOR BP3,0,150,°C,,,,
I747TT3022,TEMP CONDENSADO SAÍDA AQUECEDOR BP4,50,170,°C,,,,
I748FT1001,FLUXO DE REPOSIÇÃO DE CONDENSADO,0,40,m³/h,,,,
I752LT3101,NÍVEL TANQUE ALIMENTAÇÃO,300,3300,mm,1100,1500,2570,2800
I752PT3001,PRESSÃO VAPOR EXTRAÇÃO TURBINA - DESAERADOR,0,15,bar,,,,
I752PT3003,PRESSÃO TANQUE ALIMENTAÇÃO,0,15,bar,,,11,
I752TT3001,TEMP VAPOR EXTRAÇÃO TURBINA - DESAERADOR,50,400,°C,,,,
I752TT3100,TEMP TANQUE ALIMENTAÇÃO,50,250,°C,,,,
I753ET1001,CORRENTE MOTOR BBA 1 ÁGUA ALIMENTAÇÃO,0,1500,A,,,790,
I753ET1101,CORRENTE MOTOR BBA 2 ÁGUA ALIMENTAÇÃO,0,1500,A,,,790,
I753ET1201_1,CORRENTE MOTOR BBA 3 ÁGUA ALIMENTAÇÃO DO BU1,0,1500,A,,,790,
I753ET1201_2,CORRENTE MOTOR BBA 3 ÁGUA ALIMENTAÇÃO DO BU2,0,1500,A,,,790,
I753FT3001,VAZÃO ÁGUA BOMBA ALIMENTAÇÃO 1,0,850,m³/h,,,,
I753FT3101,VAZÃO ÁGUA BOMBA ALIMENTAÇÃO 2,0,850,m³/h,,,,
I753FT3201,VAZÃO ÁGUA BOMBA ALIMENTAÇÃO 3,0,850,m³/h,,,,
I753PT3002,PRESSÃO ADMISSÃO BOMBA BOOSTER 1 ÁGUA ALIMENTAÇÃO,0,15,bar,,,,
I753PT3102,PRESSÃO ADMISSÃO BOMBA BOOSTER 2 ÁGUA ALIMENTAÇÃO,0,15,bar,,,,
I753PT3202,PRESSÃO ADMISSÃO BOMBA BOOSTER 3 ÁGUA ALIMENTAÇÃO,0,15,bar,,,,
I753ST3010,VELOCIDADE BOMBA ALIMENTAÇÃO 1,2000,7000,rpm,,,,
I753ST3110,VELOCIDADE BOMBA ALIMENTAÇÃO 2,2000,7000,rpm,,,,
I753ST3210,VELOCIDADE BOMBA ALIMENTAÇÃO 3,2000,7000,rpm,,,,
I753TE1040,TEMP ÓLEO MANCAL LADO BOMBA MOTOR BOMBA ALIMENTAÇÃO 1,0,150,°C,,,80,90
I753TE1042,TEMP ÓLEO MANCAL LADO VOITH MOTOR BOMBA ALIMENTAÇÃO 1,0,150,°C,,,80,90
I753TE1051,TEMP ENROLAMENTO MOTOR BOMBA ALIMENTAÇÃO 1,0,200,°C,,,110,
I753TE1140,TEMP ÓLEO MANCAL LADO BOMBA MOTOR BOMBA ALIMENTAÇÃO 2,0,150,°C,,,80,90
I753TE1142,TEMP ÓLEO MANCAL LADO VOITH MOTOR BOMBA ALIMENTAÇÃO 2,0,150,°C,,,80,90
I753TE1151,TEMP ENROLAMENTO MOTOR BOMBA ALIMENTAÇÃO 2,0,200,°C,,,110,
I753TE1240,TEMP ÓLEO MANCAL LADO BOMBA MOTOR BOMBA ALIMENTAÇÃO 3,0,150,°C,,,80,90
I753TE1242,TEMP ÓLEO MANCAL LADO VOITH MOTOR BOMBA ALIMENTAÇÃO  3,0,150,°C,,,80,90
I753TE1251,TEMP ENROLAMENTO MOTOR BOMBA ALIMENTAÇÃO 3,0,200,°C,,,110,
I753TE2020,TEMP ÓLEO MANCAL ESCORA BOMBA BOOSTER 1,0,150,°C,,,60,70
I753TE2022,TEMP ÓLEO DESCARGA MANCAL LNA BOMBA BOOSTER 1,0,150,°C,,,60,70
I753TE2024,TEMP ÓLEO DESCARGA MANCAL LA BOMBA BOOSTER 1,0,150,°C,,,60,70
I753TE2030,TEMP ÓLEO MANCAL LA BOMBA ALIMENTAÇÃO 1,0,150,°C,,,70,80
I753TE2032,TEMP ÓLEO MANCAL LNA BOMBA ALIMENTAÇÃO 1,0,150,°C,,,70,80
I753TE2034,TEMP METAL MANCAL ESCORA BOMBA ALIMENTAÇÃO 1,0,150,°C,,,85,95
I753TE2036,TEMP METAL MANCAL ESCORA BOMBA ALIMENTAÇÃO 1,0,150,°C,,,85,100
I753TE2038,TEMP ÓLEO MANCAL ESCORA BOMBA ALIMENTAÇÃO 1,0,150,°C,,,70,80
I753TE2091,TEMP METAL SUPERIOR BOMBA ALIMENTAÇÃO 1,0,200,°C,,,,
I753TE2120,TEMP ÓLEO MANCAL ESCORA BOMBA BOOSTER 2,0,150,°C,,,60,70
I753TE2122,TEMP ÓLEO DESCARGA MANCAL LNA BOMBA BOOSTER 2,0,150,°C,,,60,70
I753TE2124,TEMP ÓLEO DESCARGA MANCAL LA BOMBA BOOSTER 2,0,150,°C,,,60,70
I753TE2130,TEMP ÓLEO MANCAL LA BOMBA ALIMENTAÇÃO 2,0,150,°C,,,70,80
I753TE2132,TEMP ÓLEO MANCAL LNA BOMBA ALIMENTAÇÃO 2,0,150,°C,,,70,80
I753TE2134,TEMP METAL MANCAL ESCORA BOMBA ALIMENTAÇÃO 2,0,150,°C,,,85,95
I753TE2136,TEMP METAL MANCAL ESCORA BOMBA ALIMENTAÇÃO 2,0,150,°C,,,85,100
I753TE2138,TEMP ÓLEO MANCAL ESCORA BOMBA ALIMENTAÇÃO 2,0,150,°C,,,70,80
I753TE2191,TEMP METAL SUPERIOR BOMBA ALIMENTAÇÃO 2,0,200,°C,,,,
I753TE2220,TEMP ÓLEO MANCAL ESCORA BOMBA BOOSTER 3,0,150,°C,,,60,70
I753TE2222,TEMP ÓLEO DESC MANCAL LNA BOMBA BOOSTER 3,0,150,°C,,,60,70
I753TE2224,TEMP ÓLEO DESC MANCAL LA BOMBA BOOSTER 3,0,150,°C,,,60,70
I753TE2230,TEMP ÓLEO MANCAL LA BOMBA ALIMENTAÇÃO 3,0,150,°C,,,70,80
I753TE2232,TEMP ÓLEO MANCAL LNA BOMBA ALIMENTAÇÃO 3,0,150,°C,,,70,80
I753TE2234,TEMP METAL MANCAL ESCORA BOMBA ALIMENTAÇÃO 3,0,150,°C,,,85,95
I753TE2236,TEMP METAL MANCAL ESCORA BOMBA ALIMENTAÇÃO 3,0,150,°C,,,85,100
I753TE2238,TEMP ÓLEO MANCAL ESCORA BOMBA ALIMENTAÇÃO  3,0,150,°C,,,70,80
I753TE2291,TEMP METAL SUPERIOR BOMBA ALIMENTAÇÃO 3,0,200,°C,,,,
I753TE3060,TEMP MANCAL VOITH BOMBA ALIMENTAÇÃO 1 EIXO ACIONADOR LADO MOTOR,0,150,°C,,,90,95
I753TE3062,TEMP MANCAL VOITH BOMBA ALIMENTAÇÃO 1 EIXO ACIONADOR LADO VOITH,0,150,°C,,,90,95
I753TE3064,TEMP MANCAL VOITH BOMBA ALIMENTAÇÃO 1 EIXO PRIMÁRIO MANCAL ESCORA ,0,150,°C,,,90,95
I753TE3066,TEMP MANCAL VOITH BOMBA ALIMENTAÇÃO 1 EIXO PRIM LADO MANCAL ESCORA,0,150,°C,,,90,95
I753TE3068,TEMP MANCAL VOITH BOMBA ALIMENTAÇÃO 1 EIXO PRIM LADO RODA PRIMÁRIA,0,150,°C,,,90,95
I753TE3070,TEMP MANCAL VOITH BOMBA ALIMENTAÇÃO 1 EIXO SAÍDA LADO RODA SEC,0,150,°C,,,90,95
I753TE3072,TEMP MANCAL VOITH BOMBA ALIMENTAÇÃO 1 EIXO SAÍDA LADO MANCAL ESCORA,0,150,°C,,,90,95
I753TE3074,TEMP MANCAL VOITH BOMBA ALIMENTAÇÃO 1 EIXO SAÍDA MANCAL ESCORA,0,150,°C,,,90,95
I753TE3076,TEMP MANCAL VOITH BOMBA ALIMENTAÇÃO 1 EIXO ACIONADO LADO VOITH,0,150,°C,,,90,95
I753TE3078,TEMP MANCAL VOITH BOMBA ALIMENTAÇÃO 1 EIXO ACIONADO LADO BOMBA,0,150,°C,,,90,95
I753TE3160,TEMP MANCAL VOITH BOMBA ALIMENTAÇÃO 2 EIXO ACIONADOR LADO MOTOR,0,150,°C,,,90,95
I753TE3162,TEMP MANCAL VOITH BOMBA ALIMENTAÇÃO 2 EIXO ACIONADOR LADO VOITH,0,150,°C,,,90,95
I753TE3164,TEMP MANCAL VOITH BOMBA ALIMENTAÇÃO 2 EIXO PRIMÁRIO MANCAL ESCORA ,0,150,°C,,,90,95
I753TE3166,TEMP MANCAL VOITH BOMBA ALIMENTAÇÃO 2 EIXO PRIM LADO MANCAL ESCORA,0,150,°C,,,90,95
I753TE3168,TEMP MANCAL VOITH BOMBA ALIMENTAÇÃO 2 EIXO PRIM LADO RODA PRIMÁRIA,0,150,°C,,,90,95
I753TE3170,TEMP MANCAL VOITH BOMBA ALIMENTAÇÃO 2 EIXO SAÍDA LADO RODA SEC,0,150,°C,,,90,95
I753TE3172,TEMP MANCAL VOITH BOMBA ALIMENTAÇÃO 2 EIXO SAÍDA LADO MANCAL ESCORA,0,150,°C,,,90,95
I753TE3174,TEMP MANCAL VOITH BOMBA ALIMENTAÇÃO 2 EIXO SAÍDA MANCAL ESCORA,0,150,°C,,,90,95
I753TE3176,TEMP MANCAL VOITH BOMBA ALIMENTAÇÃO 2 EIXO ACIONADO LADO VOITH,0,150,°C,,,90,95
I753TE3178,TEMP MANCAL VOITH BOMBA ALIMENTAÇÃO 2 EIXO ACIONADO LADO BOMBA,0,150,°C,,,90,95
I753TE3260,TEMP MANCAL VOITH BOMBA ALIMENTAÇÃO 3 EIXO ACIONADOR LADO MOTOR,0,150,°C,,,90,95
I753TE3262,TEMP MANCAL VOITH BOMBA ALIMENTAÇÃO 3 EIXO ACIONADOR LADO VOITH,0,150,°C,,,90,95
I753TE3264,TEMP MANCAL VOITH BOMBA ALIMENTAÇÃO 3 EIXO PRIMÁRIO MANCAL ESCORA ,0,150,°C,,,90,95
I753TE3266,TEMP MANCAL VOITH BOMBA ALIMENTAÇÃO 3 EIXO PRIM LADO MANCAL ESCORA,0,150,°C,,,90,95
I753TE3268,TEMP MANCAL VOITH BOMBA ALIMENTAÇÃO 3 EIXO PRIM LADO RODA PRIMÁRIA,0,150,°C,,,90,95
I753TE3270,TEMP MANCAL VOITH BOMBA ALIMENTAÇÃO 3 EIXO SAÍDA LADO RODA SEC,0,150,°C,,,90,95
I753TE3272,TEMP MANCAL VOITH BOMBA ALIMENTAÇÃO 3 EIXO SAÍDA LADO MANCAL ESCORA,0,150,°C,,,90,95
I753TE3274,TEMP MANCAL VOITH BOMBA ALIMENTAÇÃO 3 EIXO SAÍDA MANCAL ESCORA,0,150,°C,,,90,95
I753TE3276,TEMP MANCAL VOITH BOMBA ALIMENTAÇÃO 3 EIXO ACIONADO LADO VOITH,0,150,°C,,,90,95
I753TE3278,TEMP MANCAL VOITH BOMBA ALIMENTAÇÃO 3 EIXO ACIONADO LADO BOMBA,0,150,°C,,,90,95
I753TT2001,TEMPERATURA ADMISSÃO BOMBA BOOSTER 1 ÁGUA ALIMENTAÇÃO,0,200,°C,,,,
I753TT2101,TEMPERATURA ADMISSÃO BOMBA BOOSTER 2 ÁGUA ALIMENTAÇÃO,0,200,°C,,,,
I753TT2201,TEMPERATURA ADMISSÃO BOMBA BOOSTER 3 ÁGUA ALIMENTAÇÃO,0,200,°C,,,,
I753TT3010,TEMP ÁGUA SELAGEM LNA BOMBA ALIMENTAÇÃO 1,0,200,°C,,,70,80
I753TT3015,TEMP ÁGUA SELAGEM LA BOMBA ALIMENTAÇÃO 1,0,200,°C,,,70,80
I753TT3081,TEMP ÓLEO SERVIÇO ENTRADA RESFRIADOR BOMBA ALIMENTAÇÃO 1,50,150,°C,,,110,130
I753TT3085,TEMP ÓLEO LUBRIFICAÇÃO ENTRADA RESFRIADOR BOMBA ALIMENTAÇÃO 1,0,100,°C,,,65,70
I753TT3110,TEMP ÁGUA SELAGEM LNA BOMBA ALIMENTAÇÃO 2,0,200,°C,,,70,80
I753TT3115,TEMP ÁGUA SELAGEM LA BOMBA ALIMENTAÇÃO 2,0,200,°C,,,70,80
I753TT3181,TEMP ÓLEO REGULAÇÃO ENTRADA  RESFRIADOR BOMBA ALIMENTAÇÃO 2,50,150,°C,,,110,130
I753TT3185,TEMP ÓLEO LUBRIFICAÇÃO ENTRADA RESFRIADOR BOMBA ALIMENTAÇÃO 2,0,100,°C,,,65,70
I753TT3210,TEMP ÁGUA SELAGEM LNA BOMBA ALIMENTAÇÃO 3,0,200,°C,,,70,80
I753TT3215,TEMP ÁGUA SELAGEM LA BOMBA ALIMENTAÇÃO 3,0,200,°C,,,70,80
I753TT3281,TEMP ÓLEO REGULAÇÃO ENTRADA RESFRIADOR BOMBA ALIMENTAÇÃO 3,50,150,°C,,,110,130
I753TT3285,TEMP ÓLEO LUBRIFICAÇÃO ENTRADA RESFRIADOR BOMBA ALIMENTAÇÃO 3,0,100,°C,,,65,70
I753VT1101,VIBRAÇÃO MANCAL LA H BOMBA 1 AGUA ALIMENTAÇÃO,8,40,mm/seg RMS,,,,
I753VT1102,VIBRAÇÃO MANCAL LA V BOMBA 1 AGUA ALIMENTAÇÃO,8,40,mm/seg RMS,,,,
I753VT1103,VIBRAÇÃO MANCAL LNA H BOMBA 1 AGUA ALIMENTAÇÃO,8,40,mm/seg RMS,,,,
I753VT1104,VIBRAÇÃO MANCAL LNA V BOMBA 1 AGUA ALIMENTAÇÃO,8,40,mm/seg RMS,,,,
I753VT1201,VIBRAÇÃO MANCAL LA H BOMBA 2 AGUA ALIMENTAÇÃO,8,40,mm/seg RMS,,,,
I753VT1202,VIBRAÇÃO MANCAL LA V BOMBA 2 AGUA ALIMENTAÇÃO,8,40,mm/seg RMS,,,,
I753VT1203,VIBRAÇÃO MANCAL LNA H BOMBA 2 AGUA ALIMENTAÇÃO,8,40,mm/seg RMS,,,,
I753VT1204,VIBRAÇÃO MANCAL LNA V BOMBA 2 AGUA ALIMENTAÇÃO,8,40,mm/seg RMS,,,,
I753VT1301,VIBRAÇÃO MANCAL LA H BOMBA 3 AGUA ALIMENTAÇÃO,8,40,mm/seg RMS,,,,
I753VT1302,VIBRAÇÃO MANCAL LA V BOMBA 3 AGUA ALIMENTAÇÃO,8,40,mm/seg RMS,,,,
I753VT1303,VIBRAÇÃO MANCAL LNA H BOMBA 3 AGUA ALIMENTAÇÃO,8,40,mm/seg RMS,,,,
I753VT1304,VIBRAÇÃO MANCAL LNA V BOMBA 3 AGUA ALIMENTAÇÃO,8,40,mm/seg RMS,,,,
I753VTA1101,VIBRAÇÃO MANCAL LA H BOMBA 1 AGUA ALIMENTAÇÃO,,,,,,,
I753VTA1102,VIBRAÇÃO MANCAL LA V BOMBA 1 AGUA ALIMENTAÇÃO,,,,,,,
I753VTA1103,VIBRAÇÃO MANCAL LNA H BOMBA 1 AGUA ALIMENTAÇÃO,,,,,,,
I753VTA1104,VIBRAÇÃO MANCAL LNA V BOMBA 1 AGUA ALIMENTAÇÃO,,,,,,,
I753VTA1201,VIBRAÇÃO MANCAL LA H BOMBA 2 AGUA ALIMENTAÇÃO,,,,,,,
I753VTA1202,VIBRAÇÃO MANCAL LA V BOMBA 2 AGUA ALIMENTAÇÃO,,,,,,,
I753VTA1203,VIBRAÇÃO MANCAL LNA H BOMBA 2 AGUA ALIMENTAÇÃO,,,,,,,
I753VTA1204,VIBRAÇÃO MANCAL LNA V BOMBA 2 AGUA ALIMENTAÇÃO,,,,,,,
I753VTA1301,VIBRAÇÃO MANCAL LA H BOMBA 3 AGUA ALIMENTAÇÃO,,,,,,,
I753VTA1302,VIBRAÇÃO MANCAL LA V BOMBA 3 AGUA ALIMENTAÇÃO,,,,,,,
I753VTA1303,VIBRAÇÃO MANCAL LNA H BOMBA 3 AGUA ALIMENTAÇÃO,,,,,,,
I753VTA1304,VIBRAÇÃO MANCAL LNA V BOMBA 3 AGUA ALIMENTAÇÃO,,,,,,,
I754PT3002,PRESSÃO VAPOR RH FRIO - AQUECEDOR AP2,0,50,bar,,,,
I754PT3005,PRESSÃO VAPOR EXTR TURBINA MP - AQUECEDOR AP1,0,30,bar,,,,
I754TE3202,TEMP DRENOS AQUECEDOR AP2/1,0,300,°C,,,,
I754TE3204,TEMP DRENOS AQUECEDOR AP2/2,0,300,°C,,,,
I754TE3206,TEMP DRENOS AQUECEDOR AP1/1,0,300,°C,,,,
I754TE3208,TEMP DRENOS AQUECEDOR AP1/2,0,300,°C,,,,
I754TT3001,TEMP VAPOR RH FRIO - AQUECEDOR AP2,50,400,°C,,,,
I754TT3005,TEMP VAPOR EXTRAÇÃO TURBINA MP - AQUECEDOR AP1,50,600,°C,,,,
I755DPY3035,PRESSÃO DIFERENCIAL ÁGUA ALIMENTAÇÃO/SH1A,0,100,bar,,,,
I755FY3002,VAZÃO ÁGUA ENTRADA ECONOMIZADOR,0,1300,t/h,310,350,,
I755PT3031,PRESSÃO ÁGUA SAÍDA BOMBAS ALIMENTAÇÃO,0,400,bar,,80,,
I755PT3040,PRESSÃO ÁGUA ENTRADA ECONOMIZADOR,0,400,bar,,,,
I755TE3012,TEMP ÁGUA SAÍDA AQUECEDOR AP1/1,0,250,°C,,,,
I755TE3013,TEMP ÁGUA SAÍDA AQUECEDOR AP2/1,0,300,°C,,,,
I755TE3022,TEMP ÁGUA SAÍDA AQUECEDOR AP1/2,0,250,°C,,,,
I755TE3023,TEMP ÁGUA SAÍDA AQUECEDOR AP2/2,0,250,°C,,,,
I755TT3001,TEMP ÁGUA SAÍDA BOMBAS ALIMENTAÇÃO,50,400,°C,,,,
I755TT3033,TEMP ÁGUA ENTRADA ECONOMIZADOR,50,300,°C,,,,
I757FY3001,VAZÃO ÁGUA ATEMPERAÇÃO EMERGÊNCIA LE,0,40,t/h,,,,
I757FY3002,VAZÃO ÁGUA ATEMPERAÇÃO EMERGÊNCIA LD,0,40,t/h,,,,
I757FY3003,VAZÃO ÁGUA ATEMPERAÇÃO SH2 LD,0,40,t/h,,,,
I757FY3004,VAZÃO ÁGUA ATEMPERAÇÃO SH2 LE,0,40,t/h,,,,
I757FY3005,VAZÃO ÁGUA ATEMPERAÇÃO SH3 LE,0,40,t/h,,,,
I757FY3006,VAZÃO ÁGUA ATEMPERAÇÃO SH3 LD,0,40,t/h,,,,
I757FY3007,VAZÃO ÁGUA ATEMPERAÇÃO RH2 LD,0,30,t/h,,,,
I757FY3009,VAZÃO ÁGUA ATEMPERAÇÃO RH2 LE,0,30,t/h,,,,
I757FY3012,VAZÃO ÁGUA ATEMPERAÇÃO NPSH BOMBA RECIRCIRCULAÇÃO,0,50,t/h,,,,
I757FY3013,VAZÃO ÁGUA ATEMPERAÇÂO BYPASS AP LE,0,100,t/h,,,,
I757FY3014,VAZÃO ÁGUA ATEMPERAÇÂO BYPASS AP LD,0,100,t/h,,,,
I757PT3013,PRESSÃO ÁGUA ATEMPERAÇÃO BYPASS AP ANTES PCV,0,400,bar,,,,
I757PT3014,PRESSÃO ÁGUA ATEMPERAÇÃO BYPASS AP APÓS PCV,0,400,bar,,,,
I760AT1001,GÁS DISSOLVIDO ÓLEO ISOLANTE TPR1,0,2000,ppm,,,180,200
I760AT1002,GÁS DISSOLVIDO ÓLEO ISOLANTE TPR2,0,2000,ppm,,,150,200
I760ET1001,TENSÃO ALTERNADOR FASES A-B,0,30,KV,,,,
I760ET1002,POTÊNCIA ATIVA ALTERNADOR,0,450,MW,,,,
I760ET1003,CORRENTE ALTERNADOR FASE C,0,15000,A,,,,
I760ET1004,FREQUÊNCIA ALTERNADOR,55,65,Hz,,,,
I760ET1005,CORRENTE ALTERNADOR FASE A,0,15000,A,,,,
I760ET1006,CORRENTE ALTERNADOR FASE B,0,15000,A,,,,
I760ET1007,CORRENTE EXCITAÇÃO,0,8000,A,,,3120,
I760ET1008,TENSÃO EXCITAÇÃO,0,800,V,,,,
I760ET1009,TEMP ENROLAMENTO TRAFO EXCITAÇÃO,0,160,°C,,,95,105
I760ET1010,TEMP ÓLEO TRAFO EXCITAÇÃO,0,120,°C,,,85,95
I760ET1011,TEMP ENROLAMENTO TRAFO 5 (TPR-1),0,150,°C,,,95,105
I760ET1012,TEMP ÓLEO TRAFO 5 (TPR-1),0,150,°C,,,85,95
I760ET1013,TEMP ENROLAMENTO TRAFO 6 (TPR-2),0,150,°C,,,95,105
I760ET1014,TEMP ÓLEO TRAFO 6 (TPR-2),0,150,°C,,,85,95
I760ET1015,TEMP ENROLAMENTO SEC 1 TRAFO 7 (TU),0,150,°C,,,95,105
I760ET1016,TEMP ENROLAMENTO SEC 2 TRAFO 7 (TU),0,150,°C,,,95,105
I760ET1017,TEMP ÓLEO TRAFO 7 (TU),0,150,°C,,,85,95
I760ET1018,"TEMP ENROLAMENTO 6,3kV TRAFO 8 (TSG)",0,150,°C,,,95,105
I760ET1019,TEMP ÓLEO TRAFO 8 (TSG),0,150,°C,,,85,95
I760ET1020,"6,3KV CORRENTE FASE B ALIM NORMAL BU1 (RAMAL DJ 192)",0,3000,A,,,,
I760ET1021,"6,3KV TENSÃO FASE-FASE ALIM NORMAL BU1 (RAMAL DJ 192)",0,8000,V,,6200,6400,
I760ET1022,"6,3KV POTÊNCIA ATIVA ALIM NORMAL BU1 (RAMAL DJ 192)",0,30,MW,,,,
I760ET1023,"6,3KV CORRENTE FASE B ALIM NORMAL BU2 (RAMAL DJ 172)",0,3000,A,,,,
I760ET1024,"6,3KV TENSÃO FASE-FASE ALIM NORMAL BU2 (RAMAL DJ 172)",0,8000,V,,6200,6400,
I760ET1025,"6,3KV POTÊNCIA ATIVA ALIM NORMAL BU2 (RAMAL DJ 172)",0,30,MW,,,,
I760ET1026,"6,3KV CORRENTE TRAFO 8 FASE B - BSG",0,3000,A,,,,
I760ET1027,"6,3KV TENSÃO TRAFO 8 FASE-FASE - BSG",0,8000,V, ,6200,6400,
I760ET1028,"6,3KV POTÊNCIA ATIVA TRAFO 8 - BSG",0,30,MW,,,,
I760ET1029,"6,3KV CORRENTE BSG/BU1 FASE B",0,3000,A,,,,
I760ET1030,"6,3KV CORRENTE BSG/BU2 FASE B",0,3000,A,,,,
I760ET1031,"6,3KV TENSÃO FASE-FASE BU1",0,8000,V,,,,
I760ET1032,"6,3KV TENSÃO FASE-FASE BU2 ",0,8000,V,,,,
I760ET1033,"6,3KV TENSÃO FASE-FASE BSG",0,8000,V,,,,
I760ET1034,"6,3KV TENSÃO FASE-FASE BT1",0,8000,V,,,,
I760ET1035,"6,3KV TENSÃO FASE-FASE BT2",0,8000,V,,,,
I760ET1036,"6,3KV TENSÃO FASE-FASE BC1",0,8000,V,,,,
I760ET1037,"6,3KV TENSÃO FASE-FASE BC2",0,8000,V,,,,
I760ET1038,"6,3KV CORRENTE FASE B BU1/BC1",0,900,A,,,,
I760ET1039,"6,3KV CORRENTE FASE B BU1/BT1",0,600,A,,,,
I760ET1040,"6,3KV CORRENTE FASE B BU2/BT2",0,600,A,,,,
I760ET1041,"6,3KV CORRENTE FASE B BU2/BC2",0,900,A,,,,
I760ET1042,480V TRAFO TB1 CORRENTE SAÍDA - BB1,0,3000,A,,,,
I760ET1043,480V TRAFO TB1 TENSÃO FASE-FASE - BB1,0,600,V,,,,
I760ET1044,480V TRAFO TB2 CORRENTE SAÍDA - BB2,0,3000,A,,,,
I760ET1045,480V TRAFO TB2 TENSÃO FASE-FASE - BB2,0,600,V,,,,
I760ET1046,480V TRAFO TGE CORRENTE SAÍDA - BGE,0,3000,A,,,,
I760ET1047,480V TRAFO TGE TENSÃO FASE-FASE - BGE,0,600,V,,,,
I760ET1048,480V TRAFO TC1 CORRENTE SAÍDA - BC11,0,3000,A,,,,
I760ET1049,480V TRAFO TC1 TENSÃO FASE-FASE - BC11,0,600,V,,,,
I760ET1050,480V TRAFO TC2 CORRENTE SAÍDA - BC21,0,3000,A,,,,
I760ET1051,480V TRAFO TC2 TENSÃO FASE-FASE - BC21,0,600,V,,,,
I760ET1052,480V TRAFO TRE TENSÃO FASE-FASE,0,600,V,,,,
I760ET1053,480V TRAFO TRE CORRENTE SAÍDA,0,3000,A,,,,
I760ET1054,480V CORRENTE ALIM NORMAL BEM1 (RAMAL 52/1E),0,600,A,,,,
I760ET1055,480V CORRENTE ALIM NORMAL BEM2 (RAMAL 52/2E),0,600,A,,,,
I760ET1056,480V GRUPO DIESEL 1 CORRENTE SAÍDA - BEM1,0,600,A,,,,
I760ET1057,480V GRUPO DIESEL 2 CORRENTE SAÍDA - BEM2,0,600,A,,,,
I760ET1058,480V TENSÃO FASE-FASE  BEM1,0,600,V,,,,
I760ET1059,480V TENSÃO FASE-FASE BEM2,0,600,V,,,,
I760ET1060,480V GRUPO DIESEL 1 TENSÃO FASE-FASE,0,600,V,,,,
I760ET1061,480V GRUPO DIESEL 1 FREQUÊNCIA,55,65,Hz,,,,
I760ET1062,480V GRUPO DIESEL 2 TENSÃO FASE-FASE,0,600,V,,,,
I760ET1063,480V GRUPO DIESEL 2 FREQUÊNCIA,55,65,Hz,,,,
I760ET1064,125VCC BARRA CD1 TENSÃO - RT1,0,150,V,,,,
I760ET1065,125VCC BARRA CD1 CORRENTE - RT1,0,400,A,,,,
I760ET1066,125VCC BARRA CD1 TENSÃO - RT2,0,150,V,,,,
I760ET1067,125VCC BARRA CD1 CORRENTE - RT2,0,400,A,,,,
I760ET1068,220VCA ESTAB BARRA CD2 TENSÃO,0,250,V,,,,
I760ET1069,220 VCA ESTAB BARRA CD2 CORRENTE - NB1,0,150,A,,,,
I760ET1070,220 VCA ESTAB BARRA CD2 CORRENTE - NB2,0,150,A,,,,
I760ET1071,+24VCC BARRA CD3 CORRENTE - RT4,0,1200,A,,,,
I760ET1072,+24VCC BARRA CD3 TENSÃO - RT4,0,40,V,,,,
I760ET1073,+24VCC BARRA CD3 CORRENTE - RT5,0,1200,A,,,,
I760ET1074,+24VCC BARRA CD3 TENSÃO - RT5,0,40,V,,,,
I760ET1075,+24VCC BARRA CD3 CORRENTE - RT6,0,1200,A,,,,
I760ET1076,+24VCC BARRA CD3 TENSÃO - RT6,0,40,V,,,,
I760ET1077,-24VCC BARRA CD3 CORRENTE - RT7,0,800,A,,,,
I760ET1078,-24VCC BARRA CD3 TENSÃO - RT7,0,40,V,,,,
I760ET1079,-24VCC BARRA CD3 CORRENTE - RT8,0,800,A,,,,
I760ET1080,-24VCC BARRA CD3 TENSÃO - RT8,0,40,V,,,,
I760ET1085,TENSÃO BARRA A SUBSTAÇÃO 230Kv,0,400,kV,,,,
I760ET1090,TENSÃO BARRA B SUBSTAÇÃO 230Kv,0,400,kV,,,,
I760ET1101,TENSÃO SAÍDA ALTERNADOR FASES B-C,0,30,KV,,,,
I760ET1102,TENSÃO SAÍDA ALTERNADOR FASES C-A,0,30,KV,,,,
I760ET1103,FATOR DE POTÊNCIA (cos ϕ ),"-0,5","0,5",,,,,
I760ET1104,TENSÃO TRAFO 7 SEC. 1 FASES B - C,0,8000,V,,,,
I760ET1105,TENSÃO TRAFO 7 SEC. 1 FASES C - A,0,8000,V,,,,
I760ET1106,TENSÃO TRAFO 7 SEC. 2 FASES B - C,0,8000,V,,,,
I760ET1107,TENSÃO TRAFO 7 SEC. 2 FASES C - A,0,8000,V,,,,
I760ET1108,TENSÃO TRAFO 8 FASES B - C,0,8000,V,,,,
I760ET1109,TENSÃO TRAFO 8 FASES C - A,0,8000,V,,,,
I760ET1110,6.3KV BARRA BU1 TENSÃO FASE-FASE (Fases B - C),0,8000,V,,,,
I760ET1111,6.3KV BARRA BU1 TENSÃO FASE-FASE (Fases C - A),0,8000,V,,,,
I760ET1112,6.3KV BARRA BU2 TENSÃO FASE-FASE (Fases B - C),0,8000,V,,,,
I760ET1113,6.3KV BARRA BU2 TENSÃO FASE-FASE (Fases C - A),0,8000,V,,,,
I760ET1114,6.3KV BARRA BSG TENSÃO FASE-FASE (Fases B - C),0,8000,V,,,,
I760ET1115,6.3KV BARRA BSG TENSÃO FASE-FASE (Fases C - A),0,8000,V,,,,
I760ET1116,480V BARRA BEM1 TENSÃO FASE-FASE (Fases B - C),0,600,V,,,,
I760ET1117,480V BARRA BEM1 TENSÃO FASE-FASE (Fases C - A),0,600,V,,,,
I760ET1118,480V BARRA BEM2 TENSÃO FASE-FASE (Fases B - C),0,600,V,,,,
I760ET1119,480V BARRA BEM2 TENSÃO FASE-FASE (Fases C - A),0,600,V,,,,
I760ET1120,FREQUENCIA BARRA A SUBESTAÇÃO,55,65,HZ,,,,
I760ET1121,FREQUENCIA BARRA B SUBESTAÇÃO,55,65,HZ,,,,
I760ET3008,POTÊNCIA REATIVA ALTERNADOR,-400,400,Mvar,,,,
I761AT2250,PUREZA HIDROGENIO ALTERNADOR,90,100,%,,94,,
I761AT2251,PUREZA HIDROGÊNIO ALTERNADOR,90,100,%,,94,,
I761AT2350,CONDUTIVIDADE ÁGUA RESFRIAMENTO ESTATOR,0,10,µs/cm,,,2,8
I761AT2351,CONDUTIVIDADE ÁGUA RESFRIAMENTO ESTATOR,0,10,µs/cm,,,2,8
I761ET3015,IMAGEM TÉRMICA ROTOR ALTERNADOR,0,150,°C,,,,
I761FT3353,FLUXO ÁGUA RESFRIAMENTO ESTATOR ENTRADA GERADOR,0,80,m3/h,44,50,60,
I761PT3283,PRESSÃO HIDROGENIO ALTERNADOR,0,600,Kpa,,320,350,
I761TE1006,TEMPERATURA ÁGUA ENTRADA RESFRIADOR 1 HIDROGÊNIO,0,100,°C,,,,
I761TE1007,TEMPERATURA ÁGUA ENTRADA RESFRIADOR 2 HIDROGÊNIO,0,100,°C,,,,
I761TE1013,TEMPERATURA ÁGUA SAÍDA RESFRIADOR 1 HIDROGÊNIO,0,100,°C,,,,
I761TE1014,TEMPERATURA ÁGUA SAÍDA RESFRIADOR 2 HIDROGÊNIO,0,100,°C,,,,
I761TE2061,TEMPERATURA RANHURA  6 ESTATOR,0,100,°C,,,80,
I761TE2062,TEMPERATURA RANHURA 7 ESTATOR,0,100,°C,,,80,
I761TE2063,TEMPERATURA RANHURA 8 ESTATOR,0,100,°C,,,80,
I761TE2064,TEMPERATURA RANHURA 9 ESTATOR,0,100,°C,,,80,
I761TE2065,TEMPERATURA RANHURA 10 ESTATOR,0,100,°C,,,80,
I761TE2066,TEMPERATURA RANHURA 11 ESTATOR,0,100,°C,,,80,
I761TE2067,TEMPERATURA RANHURA 12 ESTATOR,0,100,°C,,,80,
I761TE2068,TEMPERATURA RANHURA 13 ESTATOR,0,100,°C,,,80,
I761TE2069,TEMPERATURA RANHURA 14 ESTATOR,0,100,°C,,,80,
I761TE2070,TEMPERATURA RANHURA 15 ESTATOR,0,100,°C,,,80,
I761TE2071,TEMPERATURA RANHURA 16 ESTATOR,0,100,°C,,,80,
I761TE2072,TEMPERATURA RANHURA 17 ESTATOR,0,100,°C,,,80,
I761TE2073,TEMPERATURA RANHURA 18 ESTATOR,0,100,°C,,,80,
I761TE2074,TEMPERATURA RANHURA 19 ESTATOR,0,100,°C,,,80,
I761TE2075,TEMPERATURA RANHURA 20 ESTATOR,0,100,°C,,,80,
I761TE2076,TEMPERATURA RANHURA 21 ESTATOR,0,100,°C,,,80,
I761TE2077,TEMPERATURA RANHURA 22 ESTATOR,0,100,°C,,,80,
I761TE2078,TEMPERATURA RANHURA 23 ESTATOR,0,100,°C,,,80,
I761TE2079,TEMPERATURA RANHURA 24 ESTATOR,0,100,°C,,,80,
I761TE2080,TEMPERATURA RANHURA 25 ESTATOR,0,100,°C,,,80,
I761TE2081,TEMPERATURA RANHURA 26 ESTATOR,0,100,°C,,,80,
I761TE2082,TEMPERATURA RANHURA 27 ESTATOR,0,100,°C,,,80,
I761TE2083,TEMPERATURA RANHURA 28 ESTATOR,0,100,°C,,,80,
I761TE2084,TEMPERATURA RANHURA 29 ESTATOR,0,100,°C,,,80,
I761TE2085,TEMPERATURA RANHURA 30 ESTATOR,0,100,°C,,,80,
I761TE2086,TEMPERATURA RANHURA 31 ESTATOR,0,100,°C,,,80,
I761TE2087,TEMPERATURA RANHURA 32 ESTATOR,0,100,°C,,,80,
I761TE2088,TEMPERATURA RANHURA 33 ESTATOR,0,100,°C,,,80,
I761TE2089,TEMPERATURA RANHURA 34 ESTATOR,0,100,°C,,,80,
I761TE2090,TEMPERATURA RANHURA 35 ESTATOR,0,100,°C,,,80,
I761TE2091,TEMPERATURA RANHURA 36 ESTATOR,0,100,°C,,,80,
I761TE2092,TEMPERATURA RANHURA 37 ESTATOR,0,100,°C,,,80,
I761TE2093,TEMPERATURA RANHURA 38 ESTATOR,0,100,°C,,,80,
I761TE2094,TEMPERATURA RANHURA 39 ESTATOR,0,100,°C,,,80,
I761TE2095,TEMPERATURA RANHURA 40 ESTATOR,0,100,°C,,,80,
I761TE2096,TEMPERATURA RANHURA 41 ESTATOR,0,100,°C,,,80,
I761TE2097,TEMPERATURA RANHURA 42 ESTATOR,0,100,°C,,,80,
I761TE2098,TEMPERATURA RANHURA 43 ESTATOR,0,100,°C,,,80,
I761TE2100,TEMPERATURA RANHURA 45 ESTATOR,0,100,°C,,,80,
I761TE2102,TEMPERATURA RANHURA 47 ESTATOR,0,100,°C,,,80,
I761TE2103,TEMPERATURA RANHURA 48 ESTATOR,0,100,°C,,,80,
I761TE2104,TEMPERATURA RANHURA 49 ESTATOR,0,100,°C,,,80,
I761TE2105,TEMPERATURA RANHURA 50 ESTATOR,0,100,°C,,,80,
I761TE2106,TEMPERATURA RANHURA 51 ESTATOR,0,100,°C,,,80,
I761TE2107,TEMPERATURA RANHURA 52 ESTATOR,0,100,°C,,,80,
I761TE2108,TEMPERATURA RANHURA 53 ESTATOR,0,100,°C,,,80,
I761TE2127,TEMPERATURA DENTE NUCLEO 55 ESTATOR,0,100,°C,,,80,
I761TE2128,TEMPERATURA INTERLAMINAR NUCLEO 56 ESTATOR,0,100,°C,,,80,
I761TE2129,TEMPERATURA INTERLAMINAR NUCLEO 57 ESTATOR,0,100,°C,,,80,
I761TE2130,TEMPERATURA DENTE NUCLEO 58 ESTATOR,0,100,°C,,,80,
I761TE2131,TEMPERATURA INTERLAMINAR NUCLEO 59 ESTATOR,0,100,°C,,,80,
I761TE2132,TEMPERATURA INTERLAMINAR NUCLEO 60 ESTATOR,0,100,°C,,,80,
I761TE2134,TEMPERATURA INTERLAMINAR NUCLEO 68 ESTATOR,0,100,°C,,,80,
I761TE2135,TEMPERATURA INTERLAMINAR NUCLEO 69 ESTATOR,0,100,°C,,,80,
I761TE2158,TEMPERATURA METAL MANCAL 7 ALTERNADOR,0,150,°C,,,100,104
I761TT3001,TEMP RANHURA 1 ESTATOR ALTERNADOR - FASE U,0,100,°C,,,80,
I761TT3002,TEMP RANHURA 2 ESTATOR ALTERNADOR - FASE V,0,100,°C,,,80,
I761TT3003,TEMP RANHURA 3 ESTATOR ALTERNADOR - FASE W,0,100,°C,,,80,
I761TT3004,TEMP RANHURA 4 ESTATOR ALTERNADOR - FASE U,0,100,°C,,,80,
I761TT3005,TEMP RANHURA 5 ESTATOR ALTERNADOR - FASE V,0,100,°C,,,80,
I761TT3006,TEMP RANHURA 6 ESTATOR ALTERNADOR - FASE W,0,100,°C,,,80,
I761TT3121,TEMP LÂMINAS ESTATOR RANHURA 10 - REGIÃO INTERNA,0,100,°C,,,90,
I761TT3124,TEMP LÂMINAS ESTATOR RANHURA 20 - REGIÃO INTERNA,0,100,°C,,,90,
I761TT3125,TEMP LÂMINAS ESTATOR RANHURA 20 - REGIÃO CENTRAL,0,100,°C,,,90,
I761TT3126,TEMP LÂMINAS ESTATOR RANHURA 20 - REGIÃO EXTERNA,0,100,°C,,,90,
I761TT3139,TEMP HIDROGÊNIO SAÍDA RESFRIADOR ALTERNADOR LD,0,100,°C,,,47,95
I761TT3142,TEMP HIDROGÊNIO SAÍDA RESFRIADOR ALTERNADOR LE,0,100,°C,,,47,95
I761TT3145,TEMP  HIDROGÊNIO ENTRADA RESFRIADOR ALTERNADOR LD,0,100,°C,,,75,95
I761TT3148,TEMP  HIDROGÊNIO ENTRADA RESFRIADOR ALTERNADOR LE,0,100,°C,,,75,95
I761TT3154,TEMP MANCAL 5 ALTERNADOR,0,150,°C,,,99,104
I761TT3156,TEMP MANCAL 6 ALTERNADOR,0,150,°C,,,99,104
I761TT3359,TEMP ÁGUA ESTATOR SAÍDA ALTERNADOR,0,100,°C,,,70,78
I761TT3361,TEMP ÁGUA ESTATOR SAÍDA BUCHA NEUTRO,0,100,°C,,,70,78
I765_TF7_I_BT_BU1_MM1,CORRENTE TF7 LADO BAIXA TENSÃO BU1,0,3000,A,,,,
I765_TF7_I_BT_BU2_MM3,CORRENTE TF7 LADO BAIXA TENSÃO BU2,0,3000,A,,,,
I765_TF7_MAVR_BT_BU1_MM1,POTÊNCIA REATIVA TF7 LADO BAIXA TENSÃO BU1,0,100,Mvar,,,,
I765_TF7_MAVR_BT_BU2_MM3,POTÊNCIA REATIVA TF7 LADO BAIXA TENSÃO BU2,0,100,Mvar,,,,
I765_TF7_MW_BT_BU1_MM1,POTÊNCIA ATIVA TF7 LADO BAIXA TENSÃO BU1,0,30,MW,,,,
I765_TF7_MW_BT_BU2_MM3,POTÊNCIA ATIVA TF7 LADO BAIXA TENSÃO BU2,0,30,MW,,,,
I765_TF7_V_BT_BU1_MM1,TENSÃO TF7 LADO BAIXA TENSÃO BU1,0,8000,V,,,,
I765_TF7_V_BT_BU2_MM3,TENSÃO TF7 LADO BAIXA TENSÃO BU2,0,8000,V,,,,
I765_TF8_BT_I_MM2,CORRENTE TF8 LADO BAIXA TENSÃO,0,4000,A,,,,
I765_TF8_BT_MVAR_MM2,POTÊNCIA REATIVA TF8 LADO BAIXA TENSÃO,0,100,Mvar,,,,
I765_TF8_BT_MW_MM2,POTÊNCIA ATIVA TF8 LADO BAIXA TENSÃO ,0,40,MW,,,,
I765_TF8_BT_V_MM2,TENSÃO TF8 LADO BAIXA TENSÃO ,0,8000,V,,,,
I770AE3001,CONDUTIVIDADE ENTRADA POLIDORA,0,10,µS/cm,,"3,5",6,
I770AE3011,CONDUTIVIDADE CATIÔNICA SAÍDA POLIDORA,0,"0,6",µS/cm,,,"0,1",
I770AE3012,SÓDIO SAIDA POLIDORA,0,10,ppb,,,,
I770AE3031,PH DRENOS AQUECEDORES AP,5,12,pH,8,"8,8","9,6",
I770AE3041,PH SAÍDA TQ. ÁGUA ALIMENTAÇÃO,5,12,pH,8,"8,8","9,6",
I770AE3042,O2 DISSOLVIDO SAIDA TQ. ALIMENTAÇÃO,0,25,ppb,,,20,
I770AE3091,OXIGËNIO DISSOLVIDO CICLO TÉRMICO,0,25,ppb,,,20,
I770AE3101,CONDUTIVIDADE VAPOR ENTRADA TURBINA,0,"2,5",µS/cm,,,"0,18","0,2"
I770AT3071,CONDUTIVIDADE DRENO SAÍDA AQUECEDORES AP,0,"2,5",µS/cm,,,"0,2",
I770AT3081,CONDUTIVIDADE DESCARGA BOMBA ALIMENTAÇÃO,0,"2,5",µS/cm,,,"0,2",
I770AT3111,CONDUTIVIDADE DRENO DESCARGA BOMBA BP3,0,10,µS/cm,,,6,
I783ET1001,CORRENTE MOTOR BBA 1 ÁGUA CIRCULAÇÃO,0,200,A,,,108,
I783ET1002,CORRENTE MOTOR BBA 2 ÁGUA CIRCULAÇÃO,0,200,A,,,108,
I783ET1003,CORRENTE MOTOR BBA 3 ÁGUA CIRCULAÇÃO,0,200,A,,,108,
I783LT1001,NÍVEL POÇO BOMBA CIRCULAÇÃO,"2,8","8,2",m,6,"6,5",,
I783PT1001,PRESSÃO ÁGUA CIRCULAÇÃO,0,4,bar,,"1,3","2,1",
I783TE1001,TEMP ÁGUA ENTRADA TORRE RESFRIAMENTO,0,60,°C,,,,
I783TE1043,TEMP ÁGUA SAÍDA CÂMARA 1 CONDENSADOR,0,60,°C,,,,
I783TE1048,TEMP ÁGUA SAÍDA CÂMARA 2 CONDENSADOR,0,60,°C,,,,
I783TE1101,TEMP MANCAL LNA MOTOR BOMBA CIRCULAÇÃO 1,0,150,°C,,,80,90
I783TE1102,TEMP MANCAL LA MOTOR BOMBA CIRCULAÇÃO 1,0,150,°C,,,80,90
I783TE1103,TEMP MANCAL ESCORA BOMBA CIRCULAÇÃO 1,0,150,°C,,,80,90
I783TE1106,TEMP ENROLAMENTO MOTOR BOMBA CIRCULAÇÃO 1,0,200,°C,,,110,
I783TE1111,TEMP MANCAL LNA MOTOR BOMBA CIRCULAÇÃO 2,0,150,°C,,,80,90
I783TE1112,TEMP MANCAL LA MOTOR BOMBA CIRCULAÇÃO 2,0,150,°C,,,80,90
I783TE1113,TEMP MANCAL ESCORA BOMBA CIRCULAÇÃO 2,0,150,°C,,,80,90
I783TE1116,TEMP ENROLAMENTO MOTOR BOMBA CIRCULAÇÃO 2,0,200,°C,,,110,
I783TE1121,TEMP MANCAL LNA MOTOR BOMBA CIRCULAÇÃO 3,0,150,°C,,,80,90
I783TE1122,TEMP MANCAL LA MOTOR BOMBA CIRCULAÇÃO 3,0,150,°C,,,80,90
I783TE1123,TEMP MANCAL ESCORA BOMBA CIRCULAÇÃO 3,0,150,°C,,,80,90
I783TE1126,TEMP ENROLAMENTO MOTOR BOMBA CIRCULAÇÃO 3,0,200,°C,,,110,
I783TT3030,TEMP DESCARGA BOMBAS ÁGUA CIRCULAÇÃO,0,50,°C,,,,
I783VT1101,VIBRAÇÃO MANCAL LA X MOTOR BOMBA 1 AGUA CIRCULAÇÃO,8,40,mm/seg Pk-Pk,,,,
I783VT1102,VIBRAÇÃO MANCAL LA Y MOTOR BOMBA 1 AGUA CIRCULAÇÃO,8,40,mm/seg Pk-Pk,,,,
I783VT1103,VIBRAÇÃO MANCAL LNA X MOTOR BOMBA 1 AGUA CIRCULAÇÃO,8,40,mm/seg Pk-Pk,,,,
I783VT1104,VIBRAÇÃO MANCAL LNA Y MOTOR BOMBA 1 AGUA CIRCULAÇÃO,8,40,? Pk-Pk,,,,
I783VT1105,VIBRAÇÃO MANCAL LA X BOMBA 1 AGUA CIRCULAÇÃO,8,40,mm/seg Pk-Pk,,,,
I783VT1106,VIBRAÇÃO MANCAL LA Y BOMBA 1 AGUA CIRCULAÇÃO,8,40,mm/seg Pk-Pk,,,,
I783VT2101,VIBRAÇÃO MANCAL LA X MOTOR BOMBA 2 AGUA CIRCULAÇÃO,8,40,mm/seg Pk-Pk,,,,
I783VT2102,VIBRAÇÃO MANCAL LA Y MOTOR BOMBA 2 AGUA CIRCULAÇÃO,8,40,mm/seg Pk-Pk,,,,
I783VT2103,VIBRAÇÃO MANCAL LNA X MOTOR BOMBA 2 AGUA CIRCULAÇÃO,8,40,mm/seg Pk-Pk,,,,
I783VT2104,VIBRAÇÃO MANCAL LNA Y MOTOR BOMBA 2 AGUA CIRCULAÇÃO,8,40,? Pk-Pk,,,,
I783VT2105,VIBRAÇÃO MANCAL LA X BOMBA 2 AGUA CIRCULAÇÃO,8,40,mm/seg Pk-Pk,,,,
I783VT2106,VIBRAÇÃO MANCAL LA Y BOMBA 2 AGUA CIRCULAÇÃO,8,40,mm/seg Pk-Pk,,,,
I783VT3101,VIBRAÇÃO MANCAL LA X MOTOR BOMBA 3 AGUA CIRCULAÇÃO,8,40,mm/seg Pk-Pk,,,,
I783VT3102,VIBRAÇÃO MANCAL LA Y MOTOR BOMBA 3 AGUA CIRCULAÇÃO,8,40,mm/seg Pk-Pk,,,,
I783VT3103,VIBRAÇÃO MANCAL LNA X MOTOR BOMBA 3 AGUA CIRCULAÇÃO,8,40,mm/seg Pk-Pk,,,,
I783VT3104,VIBRAÇÃO MANCAL LNA Y MOTOR BOMBA 3 AGUA CIRCULAÇÃO,8,40,? Pk-Pk,,,,
I783VT3105,VIBRAÇÃO MANCAL LA X BOMBA 3 AGUA CIRCULAÇÃO,8,40,mm/seg Pk-Pk,,,,
I783VT3106,VIBRAÇÃO MANCAL LA Y BOMBA 3 AGUA CIRCULAÇÃO,8,40,mm/seg Pk-Pk,,,,
I783VTA1101,VIBRAÇÃO MANCAL LA X MOTOR BOMBA 1 AGUA CIRCULAÇÃO,,,,,,,
I783VTA1102,VIBRAÇÃO MANCAL LA Y MOTOR BOMBA 1 AGUA CIRCULAÇÃO,,,,,,,
I783VTA1103,VIBRAÇÃO MANCAL LNA X MOTOR BOMBA 1 AGUA CIRCULAÇÃO,,,,,,,
I783VTA1104,VIBRAÇÃO MANCAL LNA Y MOTOR BOMBA 1 AGUA CIRCULAÇÃO,,,,,,,
I783VTA1105,VIBRAÇÃO MANCAL LA X BOMBA 1 AGUA CIRCULAÇÃO,,,,,,,
I783VTA1106,VIBRAÇÃO MANCAL LA Y BOMBA 1 AGUA CIRCULAÇÃO,,,,,,,
I783VTA2101,VIBRAÇÃO MANCAL LA X MOTOR BOMBA 2 AGUA CIRCULAÇÃO,,,,,,,
I783VTA2102,VIBRAÇÃO MANCAL LA Y MOTOR BOMBA 2 AGUA CIRCULAÇÃO,,,,,,,
I783VTA2103,VIBRAÇÃO MANCAL LNA X MOTOR BOMBA 2 AGUA CIRCULAÇÃO,,,,,,,
I783VTA2104,VIBRAÇÃO MANCAL LNA Y MOTOR BOMBA 2 AGUA CIRCULAÇÃO,,,,,,,
I783VTA2105,VIBRAÇÃO MANCAL LA X BOMBA 2 AGUA CIRCULAÇÃO,,,,,,,
I783VTA2106,VIBRAÇÃO MANCAL LA Y BOMBA 2 AGUA CIRCULAÇÃO,,,,,,,
I783VTA3101,VIBRAÇÃO MANCAL LA X MOTOR BOMBA 3 AGUA CIRCULAÇÃO,,,,,,,
I783VTA3102,VIBRAÇÃO MANCAL LA Y MOTOR BOMBA 3 AGUA CIRCULAÇÃO,,,,,,,
I783VTA3103,VIBRAÇÃO MANCAL LNA X MOTOR BOMBA 3 AGUA CIRCULAÇÃO,,,,,,,
I783VTA3104,VIBRAÇÃO MANCAL LNA Y MOTOR BOMBA 3 AGUA CIRCULAÇÃO,,,,,,,
I783VTA3105,VIBRAÇÃO MANCAL LA X BOMBA 3 AGUA CIRCULAÇÃO,,,,,,,
I783VTA3106,VIBRAÇÃO MANCAL LA Y BOMBA 3 AGUA CIRCULAÇÃO,,,,,,,
I784DPT3020,PRESSÃO DIFERENCIAL ÁGUA CICLO FECHADO,0,6,BAR,,"3,4",5,
I784LT1001,NÌVEL TANQUE PIEZOMÈTRICO,0,2000,mm,1220,1300,1750,
I785TE1011,TEMP MANCAL LNA MOTOR VENTILADOR 1 TORRE,0,150,°C,,,80,90
I785TE1012,TEMP MANCAL LA MOTOR VENTILADOR 1 TORRE,0,150,°C,,,80,90
I785TE1016,TEMP ENROLAMENTO MOTOR VENTILADOR 1 TORRE,0,200,°C,,,110,
I785TE1021,TEMP MANCAL LNA MOTOR VENTILADOR 2 TORRE,0,150,°C,,,80,90
I785TE1022,TEMP MANCAL LA MOTOR VENTILADOR 2 TORRE,0,150,°C,,,80,90
I785TE1026,TEMP ENROLAMENTO MOTOR VENTILADOR 2 TORRE,0,200,°C,,,110,
I785TE1031,TEMP MANCAL LNA MOTOR VENTILADOR 3 TORRE,0,150,°C,,,80,90
I785TE1032,TEMP MANCAL LA MOTOR VENTILADOR 3 TORRE,0,150,°C,,,80,90
I785TE1036,TEMP ENROLAMENTO MOTOR VENTILADOR 3 TORRE,0,200,°C,,,110,
I785TE1041,TEMP MANCAL LNA MOTOR VENTILADOR 4 TORRE,0,150,°C,,,80,90
I785TE1042,TEMP MANCAL LA MOTOR VENTILADOR 4 TORRE,0,150,°C,,,80,90
I785TE1046,TEMP ENROLAMENTO MOTOR VENTILADOR 4 TORRE,0,200,°C,,,110,
I785TE1051,TEMP MANCAL LNA MOTOR VENTILADOR 5 TORRE,0,150,°C,,,80,90
I785TE1052,TEMP MANCAL LA MOTOR VENTILADOR 5 TORRE,0,150,°C,,,80,90
I785TE1056,TEMP ENROLAMENTO MOTOR VENTILADOR 5 TORRE,0,200,°C,,,110,
I785TE1061,TEMP MANCAL LNA MOTOR VENTILADOR 6 TORRE,0,150,°C,,,80,90
I785TE1062,TEMP MANCAL LA MOTOR VENTILADOR 6 TORRE,0,150,°C,,,80,90
I785TE1066,TEMP ENROLAMENTO MOTOR VENTILADOR 6 TORRE,0,200,°C,,,110,
I785TE1071,TEMP MANCAL LNA MOTOR VENTILADOR 7 TORRE,0,150,°C,,,80,90
I785TE1072,TEMP MANCAL LA MOTOR VENTILADOR 7 TORRE,0,150,°C,,,80,90
I785TE1076,TEMP ENROLAMENTO MOTOR VENTILADOR 7 TORRE,0,200,°C,,,110,
I785TE1081,TEMP MANCAL LNA MOTOR VENTILADOR 8 TORRE,0,150,°C,,,80,90
I785TE1082,TEMP MANCAL LA MOTOR VENTILADOR 8 TORRE,0,150,°C,,,80,90
I785TE1086,TEMP ENROLAMENTO MOTOR VENTILADOR 8 TORRE,0,200,°C,,,110,
I785TE1091,TEMP MANCAL LNA MOTOR VENTILADOR 9 TORRE,0,150,°C,,,80,90
I785TE1092,TEMP MANCAL LA MOTOR VENTILADOR 9 TORRE,0,150,°C,,,80,90
I785TE1096,TEMP ENROLAMENTO MOTOR VENTILADOR 9 TORRE,0,200,°C,,,110,
I785TE1101,TEMP MANCAL LNA MOTOR VENTILADOR 10 TORRE,0,150,°C,,,80,90
I785TE1102,TEMP MANCAL LA MOTOR VENTILADOR 10 TORRE,0,150,°C,,,80,90
I785TE1106,TEMP ENROLAMENTO MOTOR VENTILADOR 10 TORRE,0,200,°C,,,110,
I785TE1111,TEMP MANCAL LNA MOTOR VENTILADOR 11 TORRE,0,150,°C,,,80,90
I785TE1112,TEMP MANCAL LA MOTOR VENTILADOR 11 TORRE,0,150,°C,,,80,90
I785TE1116,TEMP ENROLAMENTO MOTOR VENTILADOR 11 TORRE,0,200,°C,,,110,
I785TE1121,TEMP MANCAL LNA MOTOR VENTILADOR 12 TORRE,0,150,°C,,,80,90
I785TE1122,TEMP MANCAL LA MOTOR VENTILADOR 12 TORRE,0,150,°C,,,80,90
I785TE1126,TEMP ENROLAMENTO MOTOR VENTILADOR 12 TORRE,0,200,°C,,,110,
I785VT1101,VIBRAÇÃO MANCAL EIXO ENTRADA CAIXA REDUTORA CELULA 1 TORRE,8,40,mm/seg RMS,,,,
I785VT1102,VIBRAÇÃO MANCAL EIXO SAÍDA CAIXA REDUTORA CELULA 1 TORRE,8,40,mm/seg RMS,,,,
I785VT1201,VIBRAÇÃO MANCAL EIXO ENTRADA CAIXA REDUTORA CELULA 2 TORRE,8,40,mm/seg RMS,,,,
I785VT1202,VIBRAÇÃO MANCAL EIXO SAÍDA CAIXA REDUTORA CELULA 2 TORRE,8,40,mm/seg RMS,,,,
I785VT1301,VIBRAÇÃO MANCAL EIXO ENTRADA CAIXA REDUTORA CELULA 3 TORRE,8,40,mm/seg RMS,,,,
I785VT1302,VIBRAÇÃO MANCAL EIXO SAÍDA CAIXA REDUTORA CELULA 3 TORRE,8,40,mm/seg RMS,,,,
I785VT1401,VIBRAÇÃO MANCAL EIXO ENTRADA CAIXA REDUTORA CELULA 4 TORRE,8,40,mm/seg RMS,,,,
I785VT1402,VIBRAÇÃO MANCAL EIXO SAÍDA CAIXA REDUTORA CELULA 4 TORRE,8,40,mm/seg RMS,,,,
I785VT1501,VIBRAÇÃO MANCAL EIXO ENTRADA CAIXA REDUTORA CELULA 5 TORRE,8,40,mm/seg RMS,,,,
I785VT1502,VIBRAÇÃO MANCAL EIXO SAÍDA CAIXA REDUTORA CELULA 5 TORRE,8,40,mm/seg RMS,,,,
I785VT1601,VIBRAÇÃO MANCAL EIXO ENTRADA CAIXA REDUTORA CELULA 6 TORRE,8,40,mm/seg RMS,,,,
I785VT1602,VIBRAÇÃO MANCAL EIXO SAÍDA CAIXA REDUTORA CELULA 6 TORRE,8,40,mm/seg RMS,,,,
I785VT1701,VIBRAÇÃO MANCAL EIXO ENTRADA CAIXA REDUTORA CELULA 7 TORRE,8,40,mm/seg RMS,,,,
I785VT1702,VIBRAÇÃO MANCAL EIXO SAÍDA CAIXA REDUTORA CELULA 7 TORRE,8,40,mm/seg RMS,,,,
I785VT1801,VIBRAÇÃO MANCAL EIXO ENTRADA CAIXA REDUTORA CELULA 8 TORRE,8,40,mm/seg RMS,,,,
I785VT1802,VIBRAÇÃO MANCAL EIXO SAÍDA CAIXA REDUTORA CELULA 8 TORRE,8,40,mm/seg RMS,,,,
I785VT1901,VIBRAÇÃO MANCAL EIXO ENTRADA CAIXA REDUTORA CELULA 9 TORRE,8,40,mm/seg RMS,,,,
I785VT1902,VIBRAÇÃO MANCAL EIXO SAÍDA CAIXA REDUTORA CELULA 9 TORRE,8,40,mm/seg RMS,,,,
I785VT2001,VIBRAÇÃO MANCAL EIXO ENTRADA CAIXA REDUTORA CELULA 10 TORRE,8,40,mm/seg RMS,,,,
I785VT2002,VIBRAÇÃO MANCAL EIXO SAÍDA CAIXA REDUTORA CELULA 10 TORRE,8,40,mm/seg RMS,,,,
I785VT2101,VIBRAÇÃO MANCAL EIXO ENTRADA CAIXA REDUTORA CELULA 11 TORRE,8,40,mm/seg RMS,,,,
I785VT2102,VIBRAÇÃO MANCAL EIXO SAÍDA CAIXA REDUTORA CELULA 11 TORRE,8,40,mm/seg RMS,,,,
I785VT2201,VIBRAÇÃO MANCAL EIXO ENTRADA CAIXA REDUTORA CELULA 12 TORRE,8,40,mm/seg RMS,,,,
I785VT2202,VIBRAÇÃO MANCAL EIXO SAÍDA CAIXA REDUTORA CELULA 12 TORRE,8,40,mm/seg RMS,,,,
I785VTA1101,VIBRAÇÃO MANCAL EIXO ENTRADA CAIXA REDUTORA CELULA 1 TORRE,,,,,,,
I785VTA1102,VIBRAÇÃO MANCAL EIXO SAÍDA CAIXA REDUTORA CELULA 1 TORRE,,,,,,,
I785VTA1201,VIBRAÇÃO MANCAL EIXO ENTRADA CAIXA REDUTORA CELULA 2 TORRE,,,,,,,
I785VTA1202,VIBRAÇÃO MANCAL EIXO SAÍDA CAIXA REDUTORA CELULA 2 TORRE,,,,,,,
I785VTA1301,VIBRAÇÃO MANCAL EIXO ENTRADA CAIXA REDUTORA CELULA 3 TORRE,,,,,,,
I785VTA1302,VIBRAÇÃO MANCAL EIXO SAÍDA CAIXA REDUTORA CELULA 3 TORRE,,,,,,,
I785VTA1401,VIBRAÇÃO MANCAL EIXO ENTRADA CAIXA REDUTORA CELULA 4 TORRE,,,,,,,
I785VTA1402,VIBRAÇÃO MANCAL EIXO SAÍDA CAIXA REDUTORA CELULA 4 TORRE,,,,,,,
I785VTA1501,VIBRAÇÃO MANCAL EIXO ENTRADA CAIXA REDUTORA CELULA 5 TORRE,,,,,,,
I785VTA1502,VIBRAÇÃO MANCAL EIXO SAÍDA CAIXA REDUTORA CELULA 5 TORRE,,,,,,,
I785VTA1601,VIBRAÇÃO MANCAL EIXO ENTRADA CAIXA REDUTORA CELULA 6 TORRE,,,,,,,
I785VTA1602,VIBRAÇÃO MANCAL EIXO SAÍDA CAIXA REDUTORA CELULA 6 TORRE,,,,,,,
I785VTA1701,VIBRAÇÃO MANCAL EIXO ENTRADA CAIXA REDUTORA CELULA 7 TORRE,,,,,,,
I785VTA1702,VIBRAÇÃO MANCAL EIXO SAÍDA CAIXA REDUTORA CELULA 7 TORRE,,,,,,,
I785VTA1801,VIBRAÇÃO MANCAL EIXO ENTRADA CAIXA REDUTORA CELULA 8 TORRE,,,,,,,
I785VTA1802,VIBRAÇÃO MANCAL EIXO SAÍDA CAIXA REDUTORA CELULA 8 TORRE,,,,,,,
I785VTA1901,VIBRAÇÃO MANCAL EIXO ENTRADA CAIXA REDUTORA CELULA 9 TORRE,,,,,,,
I785VTA1902,VIBRAÇÃO MANCAL EIXO SAÍDA CAIXA REDUTORA CELULA 9 TORRE,,,,,,,
I785VTA2001,VIBRAÇÃO MANCAL EIXO ENTRADA CAIXA REDUTORA CELULA 10 TORRE,,,,,,,
I785VTA2002,VIBRAÇÃO MANCAL EIXO SAÍDA CAIXA REDUTORA CELULA 10 TORRE,,,,,,,
I785VTA2101,VIBRAÇÃO MANCAL EIXO ENTRADA CAIXA REDUTORA CELULA 11 TORRE,,,,,,,
I785VTA2102,VIBRAÇÃO MANCAL EIXO SAÍDA CAIXA REDUTORA CELULA 11 TORRE,,,,,,,
I785VTA2201,VIBRAÇÃO MANCAL EIXO ENTRADA CAIXA REDUTORA CELULA 12 TORRE,,,,,,,
I785VTA2202,VIBRAÇÃO MANCAL EIXO SAÍDA CAIXA REDUTORA CELULA 12 TORRE,,,,,,,
I786PT1001,PRESSÃO ÁGUA SERVIÇO,0,10,bar,3,"4,5",,
I791PT6003,PRESSÃO AR COMANDO,0,15,bar,,"5,5",,
I791PT6004,PRESSÃO AR SERVIÇO,0,15,bar,,"5,7",,
I796PT3003,PRESSÃO VAPOR AUXILIAR CALDEIRA,0,16,bar,,,,
I796PT3011,PRESSÃO VAPOR AUXILIAR MOINHOS,0,16,bar,,,,
I796PT3504,PRESSÃO VAPOR AUXILIAR TURBINA E CICLO TÉRMICO,0,16,bar,,9,"13,5",
I796PT3505,TEMPERATURA VAPOR AUXILIAR TURBINA E CICLO TÉRMICO,0,16,bar,,,,
I796TT3001,TEMP VAPOR AUXILIAR CALDEIRA - 1ª ATEMP,50,400,°C,,,,
I796TT3006,TEMP VAPOR AUXILIAR CALDEIRA - 2ª ATEMP,50,300,°C,,,,
I797CT5001,CONDUTIVIDADE CICLO TERMICO TRATAMENTO CONDENSADO,0,10,µS/cm,,3,6,
